Select,Prod Code,Ingr Prod Code,Ingredient Description,Pack Size,Recipe Weight,Cost,Recipe Use,Total Cost,Unit Cost Excl
BAKERY,26710,WHITE BREAD,Vat,,,,,,6.89
BAKERY,,Prod Code,Description,Pack,Weight,Cost,Recipe,Cost,
BAKERY,,15736,W/CAPE MILL  MIX WHT BRD,9.5KG,47.500,12.29,47.500,584.00,
BAKERY,,28779,YEAST WET,P/KG,1.000,34.25,1.000,34.25,
BAKERY,,29030,SPAR WATER,P/KG,24.700,3.20,24.700,79.04,
BAKERY,,28495,SPAR WHITE BREAD BAG,600GR,,0.50,122.000,60.98,
BAKERY,,,,,,,,-,
BAKERY,,,,,,,,-,
BAKERY,,,,,,,,-,
BAKERY,,,,,,,,-,
BAKERY,,,,,,,,-,
BAKERY,,,,,,,,-,
BAKERY,,,,,,,,-,
BAKERY,,,,,,,,-,
BAKERY,,,,,,,,-,
BAKERY,,,,,,,,-,
BAKERY,,,,,,,,-,
BAKERY,,,,,,,,-,
BAKERY,,,,,,,,-,
BAKERY,,,,,,,,-,
BAKERY,,,,,73.2,,,758.26,
BAKERY,,,,,Scale,,0.660,,
BAKERY,,,,,Yield,110.91,110.00,,
BAKERY,,,,,Cost excl per Each/Kg,,,,6.89
BAKERY,,,,,,,,,
BAKERY,26711,BROWN BREAD,Vat,,,,,,6.35
BAKERY,,Prod Code,Description,Pack,Weight,Cost,Recipe,Cost,
BAKERY,,15737,W/CAPE MILL MIX BRWN BRD,9.5KG,47.500,11.22,47.500,532.95,
BAKERY,,28779,YEAST WET,P/KG,1.000,34.25,1.000,34.25,
BAKERY,,29030,SPAR WATER,P/KG,26.000,3.20,26.000,83.20,
BAKERY,,28495,SPAR WHITE BREAD BAG,600GR,,0.50,122.000,60.98,
BAKERY,,,,,,,,-,
BAKERY,,,,,,,,-,
BAKERY,,,,,,,,-,
BAKERY,,,,,,,,-,
BAKERY,,,,,,,,-,
BAKERY,,,,,,,,-,
BAKERY,,,,,,,,-,
BAKERY,,,,,,,,-,
BAKERY,,,,,,,,-,
BAKERY,,,,,,,,-,
BAKERY,,,,,,,,-,
BAKERY,,,,,,,,-,
BAKERY,,,,,,,,-,
BAKERY,,,,,,,,-,
BAKERY,,,,,74.5,,,711.38,
BAKERY,,,,,Scale,,0.660,,
BAKERY,,,,,Yield,112.88,112.00,,
BAKERY,,,,,Cost excl per Each/Kg,,,,6.35
BAKERY,,,,,,,,,
BAKERY,27320,RAISIN LOAF,Vat,,,,,,8.44
BAKERY,,Prod Code,Description,Pack,Weight,Cost,Recipe,Cost,
BAKERY,,28667,WC MILLING SOFT ROLL MIX,12.5K,12.500,13.49,12.500,168.68,
BAKERY,,2520,SMARTBAKER MIX,12.5K,3.500,322.41,0.280,90.27,
BAKERY,,28779,YEAST WET,P/KG,0.500,34.25,0.500,17.13,
BAKERY,,29030,SPAR WATER,P/KG,6.000,3.20,6.000,19.20,
BAKERY,,27691,POLYPROP 250X400X30,EA,,1.87,45.000,84.33,
BAKERY,,,,,,,,-,
BAKERY,,,,,,,,-,
BAKERY,,,,,,,,-,
BAKERY,,,,,,,,-,
BAKERY,,,,,,,,-,
BAKERY,,,,,,,,-,
BAKERY,,,,,,,,-,
BAKERY,,,,,,,,-,
BAKERY,,,,,,,,-,
BAKERY,,,,,,,,-,
BAKERY,,,,,,,,-,
BAKERY,,,,,,,,-,
BAKERY,,,,,,,,-,
BAKERY,,,,,22.5,,,379.61,
BAKERY,,,,,Scale,,0.500,,
BAKERY,,,,,Yield,45.00,45.00,,
BAKERY,,,,,Cost excl per Each/Kg,,,,8.44
BAKERY,,,,,,,,,
BAKERY,26910,TEA BUNS,Vat,,,,,,5.81
BAKERY,,Prod Code,Description,Pack,Weight,Cost,Recipe,Cost,
BAKERY,,28667,WC MILLING SOFT ROLL MIX,12.5K,12.500,13.49,12.500,168.68,
BAKERY,,2520,SMARTBAKER MIX,12.5K,3.500,322.41,0.280,90.27,
BAKERY,,28779,YEAST WET,P/KG,0.500,34.25,0.500,17.13,
BAKERY,,29030,SPAR WATER,P/KG,6.000,3.20,6.000,19.20,
BAKERY,,27691,POLYPROP 250X400X30,EA,,1.87,75.000,140.55,
BAKERY,,,,,,,,-,
BAKERY,,,,,,,,-,
BAKERY,,,,,,,,-,
BAKERY,,,,,,,,-,
BAKERY,,,,,,,,-,
BAKERY,,,,,,,,-,
BAKERY,,,,,,,,-,
BAKERY,,,,,,,,-,
BAKERY,,,,,,,,-,
BAKERY,,,,,,,,-,
BAKERY,,,,,,,,-,
BAKERY,,,,,,,,-,
BAKERY,,,,,,,,-,
BAKERY,,,,,22.5,,,435.83,
BAKERY,,,,,Scale,,0.300,,
BAKERY,,,,,Yield,75.00,75.00,,
BAKERY,,,,,Cost excl per Each/Kg,,,,5.81
BAKERY,,,,,,,,,
BAKERY,27322,MOSBOLLETJIES,Vat,,,,,,11.05
BAKERY,,Prod Code,Description,Pack,Weight,Cost,Recipe,Cost,
BAKERY,,28667,WC MILLING SOFT ROLL MIX,12.5K,12.500,13.49,12.500,168.68,
BAKERY,,27514,ANISEED WHOLE,P/KG,1.000,162.10,1.000,162.10,
BAKERY,,28779,YEAST WET,P/KG,0.500,34.25,0.500,17.13,
BAKERY,,29030,SPAR WATER,P/KG,6.000,3.20,6.000,19.20,
BAKERY,,27691,POLYPROP 250X400X30,EA,,1.87,40.000,74.96,
BAKERY,,,,,,,,-,
BAKERY,,,,,,,,-,
BAKERY,,,,,,,,-,
BAKERY,,,,,,,,-,
BAKERY,,,,,,,,-,
BAKERY,,,,,,,,-,
BAKERY,,,,,,,,-,
BAKERY,,,,,,,,-,
BAKERY,,,,,,,,-,
BAKERY,,,,,,,,-,
BAKERY,,,,,,,,-,
BAKERY,,,,,,,,-,
BAKERY,,,,,,,,-,
BAKERY,,,,,20,,,442.07,
BAKERY,,,,,Scale,,0.500,,
BAKERY,,,,,Yield,40.00,40.00,,
BAKERY,,,,,Cost excl per Each/Kg,,,,11.05
BAKERY,,,,,,,,,
BAKERY,27323,SCHOOL BUN,Vat,,,,,,7.06
BAKERY,,Prod Code,Description,Pack,Weight,Cost,Recipe,Cost,
BAKERY,,28667,WC MILLING SOFT ROLL MIX,12.5K,12.500,13.49,12.500,168.68,
BAKERY,,28779,YEAST WET,P/KG,0.500,34.25,0.500,17.13,
BAKERY,,29030,SPAR WATER,P/KG,6.000,3.20,6.000,19.20,
BAKERY,,27691,POLYPROP 250X400X30,EA,,1.87,52.000,97.45,
BAKERY,,26539,4051 PER BOX ONLY HOTCROSS,EA,,0.95,52.000,49.14,
BAKERY,,27494,SYRUP BAKERY CHIPKINS,P/KG,,30.84,0.500,15.42,
BAKERY,,,,,,,,-,
BAKERY,,,,,,,,-,
BAKERY,,,,,,,,-,
BAKERY,,,,,,,,-,
BAKERY,,,,,,,,-,
BAKERY,,,,,,,,-,
BAKERY,,,,,,,,-,
BAKERY,,,,,,,,-,
BAKERY,,,,,,,,-,
BAKERY,,,,,,,,-,
BAKERY,,,,,,,,-,
BAKERY,,,,,,,,-,
BAKERY,,,,,19,,,367.01,
BAKERY,,,,,Scale,,0.360,,
BAKERY,,,,,Yield,52.78,52.00,,
BAKERY,,,,,Cost excl per Each/Kg,,,,7.06
BAKERY,,,,,,,,,
BAKERY,26713,SOFT  ROUND ROLL,Vat,,,,,,0.95
BAKERY,,Prod Code,Description,Pack,Weight,Cost,Recipe,Cost,
BAKERY,,28667,WC MILLING SOFT ROLL MIX,12.5K,12.500,13.49,12.500,168.68,
BAKERY,,28779,YEAST WET,P/KG,0.500,34.25,0.500,17.13,
BAKERY,,29030,SPAR WATER,P/KG,6.000,3.20,6.000,19.20,
BAKERY,,27751,GREASE PROOF 2,EA,,0.19,271.000,51.11,
BAKERY,,,,,,,,-,
BAKERY,,,,,,,,-,
BAKERY,,,,,,,,-,
BAKERY,,,,,,,,-,
BAKERY,,,,,,,,-,
BAKERY,,,,,,,,-,
BAKERY,,,,,,,,-,
BAKERY,,,,,,,,-,
BAKERY,,,,,,,,-,
BAKERY,,,,,,,,-,
BAKERY,,,,,,,,-,
BAKERY,,,,,,,,-,
BAKERY,,,,,,,,-,
BAKERY,,,,,,,,-,
BAKERY,,,,,19,,,256.12,
BAKERY,,,,,Scale,,0.070,,
BAKERY,,,,,Yield,271.43,271.00,,
BAKERY,,,,,Cost excl per Each/Kg,,,,0.95
BAKERY,,,,,,,,,
BAKERY,26734,SOFT HOTDOG  ROLLS,Vat,,,,,,0.95
BAKERY,,Prod Code,Description,Pack,Weight,Cost,Recipe,Cost,
BAKERY,,28667,WC MILLING SOFT ROLL MIX,12.5K,12.500,13.49,12.500,168.68,
BAKERY,,28779,YEAST WET,P/KG,0.500,34.25,0.500,17.13,
BAKERY,,29030,SPAR WATER,P/KG,6.000,3.20,6.000,19.20,
BAKERY,,27751,GREASE PROOF 2,EA,,0.19,271.000,51.11,
BAKERY,,,,,,,,-,
BAKERY,,,,,,,,-,
BAKERY,,,,,,,,-,
BAKERY,,,,,,,,-,
BAKERY,,,,,,,,-,
BAKERY,,,,,,,,-,
BAKERY,,,,,,,,-,
BAKERY,,,,,,,,-,
BAKERY,,,,,,,,-,
BAKERY,,,,,,,,-,
BAKERY,,,,,,,,-,
BAKERY,,,,,,,,-,
BAKERY,,,,,,,,-,
BAKERY,,,,,,,,-,
BAKERY,,,,,19,,,256.12,
BAKERY,,,,,Scale,,0.070,,
BAKERY,,,,,Yield,271.43,271.00,,
BAKERY,,,,,Cost excl per Each/Kg,,,,0.95
BAKERY,,,,,,,,,
BUTCHERY,26665,BABALAS BRAAI WORS,Vat,,,,,,22.88
BUTCHERY,,Prod Code,Description,Pack,Weight,Cost,Recipe,Cost,
BUTCHERY,,28743,FROZEN MDM,P/KG,25.000,15.50,25.000,387.50,
BUTCHERY,,28760,BEEF KIDNEY FAT,P/KG,25.000,13.99,25.000,349.75,
BUTCHERY,,29030,SPAR WATER,P/KG,30.000,3.20,30.000,96.00,
BUTCHERY,,30590,PRS PARTY BRAAIWORS,P/KG,15.000,59.99,15.000,899.85,
BUTCHERY,,31923,HOG CASINGS 28/32 LONGS,P/KG,,239.99,1.357,325.70,
BUTCHERY,,,,,,,,-,
BUTCHERY,,,,,,,,-,
BUTCHERY,,,,,,,,-,
BUTCHERY,,,,,,,,-,
BUTCHERY,,,,,,,,-,
BUTCHERY,,,,,,,,-,
BUTCHERY,,,,,,,,-,
BUTCHERY,,,,,,,,-,
BUTCHERY,,,,,,,,-,
BUTCHERY,,,,,,,,-,
BUTCHERY,,,,,,,,-,
BUTCHERY,,,,,,,,-,
BUTCHERY,,,,,,,,-,
BUTCHERY,,,,,95,,,"2,058.80",
BUTCHERY,,,,,Scale,,1.000,,
BUTCHERY,,,,,Yield,95.00,90.00,,
BUTCHERY,,,,,Cost excl per Each/Kg,,,,22.88
BUTCHERY,,,,,,,,,
BAKERY,26751,ZUKI'S SCONE,Vat,,,,,,4.01
BAKERY,,Prod Code,Description,Pack,Weight,Cost,Recipe,Cost,
BAKERY,,15732,WC MILLING CAKE FLOUR,12.5K,8.000,11.40,8.000,91.17,
BAKERY,,28222,MILK FULL CREAM,20L,1.400,13.80,1.400,19.32,
BAKERY,,29322,OIL VEGETABLE CHIPKINS,20LT,1.400,43.50,1.400,60.90,
BAKERY,,27492,SUGAR WHITE HULETS,P/KG,1.400,23.44,1.400,32.82,
BAKERY,,26370,GOLDEN YOLK LOOSE BAKERY EGGS,30'S,1.400,59.00,0.933,55.07,
BAKERY,,28313,HERCULES BAKING POWDER,P/KG,0.400,53.05,0.400,21.22,
BAKERY,,,,,,,,-,
BAKERY,,,,,,,,-,
BAKERY,,,,,,,,-,
BAKERY,,,,,,,,-,
BAKERY,,,,,,,,-,
BAKERY,,,,,,,,-,
BAKERY,,,,,,,,-,
BAKERY,,,,,,,,-,
BAKERY,,,,,,,,-,
BAKERY,,,,,,,,-,
BAKERY,,,,,,,,-,
BAKERY,,,,,,,,-,
BAKERY,,,,,14,,,280.50,
BAKERY,,,,,Scale,,0.200,,
BAKERY,,,,,Yield,70.00,70.00,,
BAKERY,,,,,Cost excl per Each/Kg,,,,4.01
BAKERY,,,,,,,,,
BAKERY,26753,ROCK BUNS,Vat,,,,,,6.06
BAKERY,,Prod Code,Description,Pack,Weight,Cost,Recipe,Cost,
BAKERY,,2520,SMARTBAKER MIX,12.5K,0.160,322.41,0.160,51.59,
BAKERY,,15732,WC MILLING CAKE FLOUR,12.5K,8.000,11.40,8.000,91.17,
BAKERY,,28222,MILK FULL CREAM,20L,1.400,13.80,1.400,19.32,
BAKERY,,29322,OIL VEGETABLE CHIPKINS,20LT,1.400,43.50,1.400,60.90,
BAKERY,,27492,SUGAR WHITE HULETS,P/KG,1.400,23.44,1.400,32.82,
BAKERY,,26370,GOLDEN YOLK LOOSE BAKERY EGGS,30'S,0.933,59.00,0.933,55.07,
BAKERY,,28313,HERCULES BAKING POWDER,P/KG,0.400,53.05,0.400,21.22,
BAKERY,,,,,,,,-,
BAKERY,,,,,,,,-,
BAKERY,,,,,,,,-,
BAKERY,,,,,,,,-,
BAKERY,,,,,,,,-,
BAKERY,,,,,,,,-,
BAKERY,,,,,,,,-,
BAKERY,,,,,,,,-,
BAKERY,,,,,,,,-,
BAKERY,,,,,,,,-,
BAKERY,,,,,,,,-,
BAKERY,,,,,13.69333333,,,332.08,
BAKERY,,,,,Scale,,0.250,,
BAKERY,,,,,Yield,54.77,54.77,,
BAKERY,,,,,Cost excl per Each/Kg,,,,6.06
BAKERY,,,,,,,,,
BAKERY,26739,PORTUGUESE  BREAD,Vat,,,,,,5.09
BAKERY,,Prod Code,Description,Pack,Weight,Cost,Recipe,Cost,
BAKERY,,28483,WC MILLING CRISPY MIX,12.5K,13.500,12.66,13.500,170.88,
BAKERY,,28779,YEAST WET,P/KG,0.500,34.25,0.500,17.13,
BAKERY,,29030,SPAR WATER,P/KG,6.500,3.20,6.500,20.80,
BAKERY,,,,,,,,-,
BAKERY,,,,,,,,-,
BAKERY,,,,,,,,-,
BAKERY,,,,,,,,-,
BAKERY,,,,,,,,-,
BAKERY,,,,,,,,-,
BAKERY,,,,,,,,-,
BAKERY,,,,,,,,-,
BAKERY,,,,,,,,-,
BAKERY,,,,,,,,-,
BAKERY,,,,,,,,-,
BAKERY,,,,,,,,-,
BAKERY,,,,,,,,-,
BAKERY,,,,,,,,-,
BAKERY,,,,,,,,-,
BAKERY,,,,,20.5,,,208.80,
BAKERY,,,,,Scale,,0.500,,
BAKERY,,,,,Yield,41.00,41.00,,
BAKERY,,,,,Cost excl per Each/Kg,,,,5.09
BAKERY,,,,,,,,,
BAKERY,26908,MILK TART,Vat,,,,,,21.18
BAKERY,,Prod Code,Description,Pack,Weight,Cost,Recipe,Cost,
BAKERY,,27492,SUGAR WHITE HULETS,P/KG,1.000,23.44,1.000,23.44,
BAKERY,,27498,MARG YELLOW WOODEN SPOON,P/KG,1.000,36.36,1.000,36.36,
BAKERY,,28293,BAVARIAN SUPREME,P/KG,0.600,77.42,0.600,46.45,
BAKERY,,28222,MILK FULL CREAM,20L,10.000,13.80,10.000,138.00,
BAKERY,,28888,CINNAMON GROUND,P/KG,0.010,96.60,0.100,9.66,
BAKERY,,29737,TART BASE SWEET,EA,,14.24,40.000,569.78,
BAKERY,,26370,GOLDEN YOLK LOOSE BAKERY EGGS,30'S,0.600,59.00,0.400,23.60,
BAKERY,,,,,,,,-,
BAKERY,,,,,,,,-,
BAKERY,,,,,,,,-,
BAKERY,,,,,,,,-,
BAKERY,,,,,,,,-,
BAKERY,,,,,,,,-,
BAKERY,,,,,,,,-,
BAKERY,,,,,,,,-,
BAKERY,,,,,,,,-,
BAKERY,,,,,,,,-,
BAKERY,,,,,,,,-,
BAKERY,,,,,13.21,,,847.29,
BAKERY,,,,,Scale,,0.315,,
BAKERY,,,,,Yield,41.94,40.00,,
BAKERY,,,,,Cost excl per Each/Kg,,,,21.18
BAKERY,,,,,,,,,
BAKERY,28383,BREAD DOUGH,Vat,,,,,,5.81
BAKERY,,Prod Code,Description,Pack,Weight,Cost,Recipe,Cost,
BAKERY,,15736,W/CAPE MILL  MIX WHT BRD,9.5KG,47.500,12.29,47.500,584.00,
BAKERY,,28779,YEAST WET,P/KG,1.000,34.25,1.000,34.25,
BAKERY,,29030,SPAR WATER,P/KG,24.700,3.20,24.700,79.04,
BAKERY,,,,,,,,-,
BAKERY,,,,,,,,-,
BAKERY,,,,,,,,-,
BAKERY,,,,,,,,-,
BAKERY,,,,,,,,-,
BAKERY,,,,,,,,-,
BAKERY,,,,,,,,-,
BAKERY,,,,,,,,-,
BAKERY,,,,,,,,-,
BAKERY,,,,,,,,-,
BAKERY,,,,,,,,-,
BAKERY,,,,,,,,-,
BAKERY,,,,,,,,-,
BAKERY,,,,,,,,-,
BAKERY,,,,,,,,-,
BAKERY,,,,,73.2,,,697.29,
BAKERY,,,,,Scale,,0.600,,
BAKERY,,,,,Yield,122.00,120.00,,
BAKERY,,,,,Cost excl per Each/Kg,,,,5.81
BAKERY,,,,,,,,,
BAKERY,32161,KOEKSISTERS,Vat,,,,,,0.87
BAKERY,,Prod Code,Description,Pack,Weight,Cost,Recipe,Cost,
BAKERY,,29030,SPAR WATER,P/KG,3.000,3.20,3.000,9.60,
BAKERY,,27499,MIXED SPICE,P/KG,0.200,76.00,0.200,15.20,
BAKERY,,29322,OIL VEGETABLE CHIPKINS,20LT,0.700,43.50,0.700,30.45,
BAKERY,,27492,SUGAR WHITE HULETS,P/KG,0.300,23.44,0.300,7.03,
BAKERY,,26370,GOLDEN YOLK LOOSE BAKERY EGGS,30'S,0.400,59.00,0.266,15.69,
BAKERY,,28779,YEAST WET,P/KG,0.250,34.25,0.250,8.56,
BAKERY,,28833,DESI COCONUT,P/KG,2.000,82.40,2.000,164.80,
BAKERY,,28667,WC MILLING SOFT ROLL MIX,12.5K,6.000,13.49,6.000,80.97,
BAKERY,,,,,,,,-,
BAKERY,,,,,,,,-,
BAKERY,,,,,,,,-,
BAKERY,,,,,,,,-,
BAKERY,,,,,,,,-,
BAKERY,,,,,,,,-,
BAKERY,,,,,,,,-,
BAKERY,,,,,,,,-,
BAKERY,,,,,,,,-,
BAKERY,,,,,,,,-,
BAKERY,,,,,12.85,,,332.30,
BAKERY,,,,,Scale,,0.033,,
BAKERY,,,,,Yield,389.39,380.00,,
BAKERY,,,,,Cost excl per Each/Kg,,,,0.87
BAKERY,,,,,,,,,
BAKERY,26808,SMALL MUFFIN,Vat,,,,,,5.64
BAKERY,,Prod Code,Description,Pack,Weight,Cost,Recipe,Cost,
BAKERY,,27267,ASS MUFFIN BATTER,P/KG,0.850,53.05,0.850,45.09,
BAKERY,,,,,,,,-,
BAKERY,,,,,,,,-,
BAKERY,,,,,,,,-,
BAKERY,,,,,,,,-,
BAKERY,,,,,,,,-,
BAKERY,,,,,,,,-,
BAKERY,,,,,,,,-,
BAKERY,,,,,,,,-,
BAKERY,,,,,,,,-,
BAKERY,,,,,,,,-,
BAKERY,,,,,,,,-,
BAKERY,,,,,,,,-,
BAKERY,,,,,,,,-,
BAKERY,,,,,,,,-,
BAKERY,,,,,,,,-,
BAKERY,,,,,,,,-,
BAKERY,,,,,,,,-,
BAKERY,,,,,0.85,,,45.09,
BAKERY,,,,,Scale,,0.070,,
BAKERY,,,,,Yield,12.14,8.00,,
BAKERY,,,,,Cost excl per Each/Kg,,,,5.64
BAKERY,,,,,,,,,
BAKERY,26799,APPLE SLICE,Vat,,,,,,17.59
BAKERY,,Prod Code,Description,Pack,Weight,Cost,Recipe,Cost,
BAKERY,,27492,SUGAR WHITE HULETS,P/KG,0.500,23.44,0.500,11.72,
BAKERY,,28058,PIE APPLES BAKELS CHOICE GRADE,KG,2.700,57.11,2.700,154.20,
BAKERY,,28291,INSTANT THICKENER,P/KG,0.300,117.29,0.300,35.19,
BAKERY,,28888,CINNAMON GROUND,P/KG,0.050,96.60,0.050,4.83,
BAKERY,,28564,PUFF PASTRY,EAC,2.000,75.49,1.000,75.49,
BAKERY,,,,,,,,-,
BAKERY,,,,,,,,-,
BAKERY,,,,,,,,-,
BAKERY,,,,,,,,-,
BAKERY,,,,,,,,-,
BAKERY,,,,,,,,-,
BAKERY,,,,,,,,-,
BAKERY,,,,,,,,-,
BAKERY,,,,,,,,-,
BAKERY,,,,,,,,-,
BAKERY,,,,,,,,-,
BAKERY,,,,,,,,-,
BAKERY,,,,,,,,-,
BAKERY,,,,,5.55,,,281.43,
BAKERY,,,,,Scale,,,,
BAKERY,,,,,Yield,,16.00,,
BAKERY,,,,,Cost excl per Each/Kg,,,,17.59
BAKERY,,,,,,,,,
HMR,28820,FOOTLONG CHEESE GRILLER + CHIPS,Vat,,,,,,18.65
HMR,,Prod Code,Description,Pack,Weight,Cost,Recipe,Cost,
HMR,,22585,SPAR SC CHS GRILLR F/LONG,1'S,1.000,9.80,1.000,9.80,
HMR,,26734,SOFT HOTDOG  ROLLS,EACH,1.000,0.87,1.000,0.87,
HMR,,28442,GARLIC MAYO,5LT,0.020,71.00,0.020,1.42,
HMR,,26221,SPAR SC RUSTIC ST/H CHIPS,2.5KG,0.060,109.47,0.060,6.57,
HMR,,,,,,,,-,
HMR,,,,,,,,-,
HMR,,,,,,,,-,
HMR,,,,,,,,-,
HMR,,,,,,,,-,
HMR,,,,,,,,-,
HMR,,,,,,,,-,
HMR,,,,,,,,-,
HMR,,,,,,,,-,
HMR,,,,,,,,-,
HMR,,,,,,,,-,
HMR,,,,,,,,-,
HMR,,,,,,,,-,
HMR,,,,,,,,-,
HMR,,,,,2.08,,,18.65,
HMR,,,,,Scale,,,,
HMR,,,,,Yield,,1.00,,
HMR,,,,,Cost excl per Each/Kg,,,,18.65
HMR,,,,,,,,,
BAKERY,27312,BUTTER BREAD,Vat,,,,,,7.45
BAKERY,,Prod Code,Description,Pack,Weight,Cost,Recipe,Cost,
BAKERY,,27987,10% BUTTER BREAD,P/KG,5.000,33.46,5.000,167.30,
BAKERY,,15732,WC MILLING CAKE FLOUR,12.5K,25.000,11.40,25.000,284.92,
BAKERY,,28779,YEAST WET,P/KG,0.800,34.25,0.800,27.40,
BAKERY,,29030,SPAR WATER,P/KG,13.000,3.20,13.000,41.60,
BAKERY,,,,,,,,-,
BAKERY,,,,,,,,-,
BAKERY,,,,,,,,-,
BAKERY,,,,,,,,-,
BAKERY,,,,,,,,-,
BAKERY,,,,,,,,-,
BAKERY,,,,,,,,-,
BAKERY,,,,,,,,-,
BAKERY,,,,,,,,-,
BAKERY,,,,,,,,-,
BAKERY,,,,,,,,-,
BAKERY,,,,,,,,-,
BAKERY,,,,,,,,-,
BAKERY,,,,,,,,-,
BAKERY,,,,,43.8,,,521.22,
BAKERY,,,,,Scale,,0.660,,
BAKERY,,,,,Yield,66.36,70.00,,
BAKERY,,,,,Cost excl per Each/Kg,,,,7.45
BAKERY,,,,,,,,,
BUTCHERY,26659,Sipho's Braaiwors.,Vat,,,,,,19.32
BUTCHERY,,Prod Code,Description,Pack,Weight,Cost,Recipe,Cost,
BUTCHERY,,28743,FROZEN MDM,P/KG,40.000,15.50,40.000,620.00,
BUTCHERY,,29245,SOYA MINCE NATURAL,20KG,7.000,19.95,7.000,139.65,
BUTCHERY,,28760,BEEF KIDNEY FAT,P/KG,20.000,13.99,20.000,279.80,
BUTCHERY,,33696,SPAR WATER,P/KG,20.000,3.30,20.000,66.00,
BUTCHERY,,28444,SPECIAL DHANIA SAUSAGE,P/KG,0.700,99.99,0.700,69.99,
BUTCHERY,,27142,BRAAI SUPREME,3KG,3.000,60.76,3.000,182.28,
BUTCHERY,,28688,GARLIC POWDER,1KG,0.125,123.50,0.125,15.44,
BUTCHERY,,31548,BBQ SIX GUN GRILL,8KG,0.200,74.89,0.200,14.98,
BUTCHERY,,31923,HOG CASINGS 28/32 LONGS,P/KG,,239.99,1.300,312.07,
BUTCHERY,,,,,,,,-,
BUTCHERY,,,,,,,,-,
BUTCHERY,,,,,,,,-,
BUTCHERY,,,,,,,,-,
BUTCHERY,,,,,,,,-,
BUTCHERY,,,,,,,,-,
BUTCHERY,,,,,,,,-,
BUTCHERY,,,,,,,,-,
BUTCHERY,,,,,,,,-,
BUTCHERY,,,,,91.025,,,"1,700.21",
BUTCHERY,,,,,Scale,,1.000,,
BUTCHERY,,,,,Yield,91.03,88.00,,
BUTCHERY,,,,,Cost excl per Each/Kg,,,,19.32
BUTCHERY,,,,,,,,,
BUTCHERY,32168,C/N TOM & ONION FLAV GROUND BEEF,Vat,,,,,,53.75
BUTCHERY,,Prod Code,Description,Pack,Weight,Cost,Recipe,Cost,
BUTCHERY,,28863,VAC CROPS 90/10,P/KG,9.000,69.99,9.000,629.91,
BUTCHERY,,28760,BEEF KIDNEY FAT,P/KG,2.300,13.99,2.300,32.18,
BUTCHERY,,33696,SPAR WATER,P/KG,2.700,3.30,2.700,8.91,
BUTCHERY,,32163,GROUND BEEF TOM/ONIO FLAV,1KG,1.000,81.46,1.000,81.46,
BUTCHERY,,,,,,,,-,
BUTCHERY,,,,,,,,-,
BUTCHERY,,,,,,,,-,
BUTCHERY,,,,,,,,-,
BUTCHERY,,,,,,,,-,
BUTCHERY,,,,,,,,-,
BUTCHERY,,,,,,,,-,
BUTCHERY,,,,,,,,-,
BUTCHERY,,,,,,,,-,
BUTCHERY,,,,,,,,-,
BUTCHERY,,,,,,,,-,
BUTCHERY,,,,,,,,-,
BUTCHERY,,,,,,,,-,
BUTCHERY,,,,,,,,-,
BUTCHERY,,,,,15,,,752.45,
BUTCHERY,,,,,Scale,,1.000,,
BUTCHERY,,,,,Yield,15.00,14.00,,
BUTCHERY,,,,,Cost excl per Each/Kg,,,,53.75
BUTCHERY,,,,,,,,,
BUTCHERY,32952,MZANSI RUSSIAN WORS,Vat,,,,,,32.17
BUTCHERY,,Prod Code,Description,Pack,Weight,Cost,Recipe,Cost,
BUTCHERY,,26707,SHEEP SKIRTS,P/KG,7.000,42.99,7.000,300.93,
BUTCHERY,,28760,BEEF KIDNEY FAT,P/KG,4.300,13.99,4.300,60.16,
BUTCHERY,,33696,SPAR WATER,P/KG,7.700,3.30,7.700,25.41,
BUTCHERY,,32988,MZANSI RUSSIAN GRILLER,3KG,3.000,2.85,3.000,8.54,
BUTCHERY,,31353,PORK TRIMMINGS 70%,P/KG,4.300,40.95,4.300,176.09,
BUTCHERY,,28863,VAC CROPS 90/10,P/KG,3.700,69.99,3.700,258.96,
BUTCHERY,,31923,HOG CASINGS 28/32 LONGS,P/KG,,239.99,0.429,102.85,
BUTCHERY,,,,,,,,-,
BUTCHERY,,,,,,,,-,
BUTCHERY,,,,,,,,-,
BUTCHERY,,,,,,,,-,
BUTCHERY,,,,,,,,-,
BUTCHERY,,,,,,,,-,
BUTCHERY,,,,,,,,-,
BUTCHERY,,,,,,,,-,
BUTCHERY,,,,,,,,-,
BUTCHERY,,,,,,,,-,
BUTCHERY,,,,,,,,-,
BUTCHERY,,,,,30,,,932.94,
BUTCHERY,,,,,Scale,,1.000,,
BUTCHERY,,,,,Yield,30.00,29.00,,
BUTCHERY,,,,,Cost excl per Each/Kg,,,,32.17
BUTCHERY,,,,,,,,,
BUTCHERY,26670,Exim Spicy Mutton Sausage,Vat,,,,,,46.46
BUTCHERY,,Prod Code,Description,Pack,Weight,Cost,Recipe,Cost,
BUTCHERY,,28863,VAC CROPS 90/10,P/KG,4.500,69.99,4.500,314.96,
BUTCHERY,,28760,BEEF KIDNEY FAT,P/KG,3.000,13.99,3.000,41.97,
BUTCHERY,,33696,SPAR WATER,P/KG,3.000,3.30,3.000,9.90,
BUTCHERY,,26707,SHEEP SKIRTS,P/KG,4.500,42.99,4.500,193.46,
BUTCHERY,,29013,GRILL CLUB SPICY MUTTON SAUGE,1KG,1.000,56.57,1.000,56.57,
BUTCHERY,,28695,HALAAL SHEEP CASINGS,P/KG,,199.99,0.400,80.00,
BUTCHERY,,,,,,,,-,
BUTCHERY,,,,,,,,-,
BUTCHERY,,,,,,,,-,
BUTCHERY,,,,,,,,-,
BUTCHERY,,,,,,,,-,
BUTCHERY,,,,,,,,-,
BUTCHERY,,,,,,,,-,
BUTCHERY,,,,,,,,-,
BUTCHERY,,,,,,,,-,
BUTCHERY,,,,,,,,-,
BUTCHERY,,,,,,,,-,
BUTCHERY,,,,,,,,-,
BUTCHERY,,,,,16,,,696.85,
BUTCHERY,,,,,Scale,,1.000,,
BUTCHERY,,,,,Yield,16.00,15.00,,
BUTCHERY,,,,,Cost excl per Each/Kg,,,,46.46
BUTCHERY,,,,,,,,,
BUTCHERY,29708,OUKRAAL WORS,Vat,,,,,,48.86
BUTCHERY,,Prod Code,Description,Pack,Weight,Cost,Recipe,Cost,
BUTCHERY,,28863,VAC CROPS 90/10,P/KG,8.300,69.99,8.300,580.92,
BUTCHERY,,28760,BEEF KIDNEY FAT,P/KG,2.100,13.99,2.100,29.38,
BUTCHERY,,33696,SPAR WATER,P/KG,5.300,3.30,5.300,17.49,
BUTCHERY,,29729,OUKRAAL WORS,P/KG,1.000,63.11,1.000,63.11,
BUTCHERY,,26707,SHEEP SKIRTS,P/KG,8.300,42.99,8.300,356.82,
BUTCHERY,,28695,HALAAL SHEEP CASINGS,P/KG,,199.99,0.625,124.99,
BUTCHERY,,,,,,,,-,
BUTCHERY,,,,,,,,-,
BUTCHERY,,,,,,,,-,
BUTCHERY,,,,,,,,-,
BUTCHERY,,,,,,,,-,
BUTCHERY,,,,,,,,-,
BUTCHERY,,,,,,,,-,
BUTCHERY,,,,,,,,-,
BUTCHERY,,,,,,,,-,
BUTCHERY,,,,,,,,-,
BUTCHERY,,,,,,,,-,
BUTCHERY,,,,,,,,-,
BUTCHERY,,,,,25,,,"1,172.71",
BUTCHERY,,,,,Scale,,1.000,,
BUTCHERY,,,,,Yield,25.00,24.00,,
BUTCHERY,,,,,Cost excl per Each/Kg,,,,48.86
BUTCHERY,,,,,,,,,
BUTCHERY,28553,Ouma's Boerewors,Vat,,,,,,67.85
BUTCHERY,,Prod Code,Description,Pack,Weight,Cost,Recipe,Cost,
BUTCHERY,,28863,VAC CROPS 90/10,P/KG,20.000,69.99,20.000,"1,399.80",
BUTCHERY,,33696,SPAR WATER,P/KG,2.000,3.30,2.000,6.60,
BUTCHERY,,30425,B/WORS OUMA'S,P/KG,1.100,135.98,1.100,149.58,
BUTCHERY,,28695,HALAAL SHEEP CASINGS,P/KG,,199.99,0.828,165.49,
BUTCHERY,,21477,WLP PORK TRIMMINGS 70/30,P/KG,10.000,44.98,10.000,449.84,
BUTCHERY,,,,,,,,-,
BUTCHERY,,,,,,,,-,
BUTCHERY,,,,,,,,-,
BUTCHERY,,,,,,,,-,
BUTCHERY,,,,,,,,-,
BUTCHERY,,,,,,,,-,
BUTCHERY,,,,,,,,-,
BUTCHERY,,,,,,,,-,
BUTCHERY,,,,,,,,-,
BUTCHERY,,,,,,,,-,
BUTCHERY,,,,,,,,-,
BUTCHERY,,,,,,,,-,
BUTCHERY,,,,,,,,-,
BUTCHERY,,,,,33.1,,,"2,171.31",
BUTCHERY,,,,,Scale,,1.000,,
BUTCHERY,,,,,Yield,33.10,32.00,,
BUTCHERY,,,,,Cost excl per Each/Kg,,,,67.85
BUTCHERY,,,,,,,,,
BUTCHERY,26687,PRS Outydse Boerewors.,Vat,,,,,,70.07
BUTCHERY,,Prod Code,Description,Pack,Weight,Cost,Recipe,Cost,
BUTCHERY,,28863,VAC CROPS 90/10,P/KG,20.000,69.99,20.000,"1,399.80",
BUTCHERY,,33696,SPAR WATER,P/KG,1.000,3.30,1.000,3.30,
BUTCHERY,,24654,SAUCE ON TAP VINEGAR BRWN,10LT,0.300,100.50,0.300,30.15,
BUTCHERY,,29669,WORCESTER SAUCE 5 LITRES,5LT,0.300,9.87,0.300,2.96,
BUTCHERY,,31545,OUTYDSE BOERWORS,550G,0.550,63.50,0.550,34.93,
BUTCHERY,,26707,SHEEP SKIRTS,P/KG,5.000,42.99,5.000,214.95,
BUTCHERY,,28695,HALAAL SHEEP CASINGS,P/KG,,199.99,0.679,135.74,
BUTCHERY,,,,,,,,-,
BUTCHERY,,,,,,,,-,
BUTCHERY,,,,,,,,-,
BUTCHERY,,,,,,,,-,
BUTCHERY,,,,,,,,-,
BUTCHERY,,,,,,,,-,
BUTCHERY,,,,,,,,-,
BUTCHERY,,,,,,,,-,
BUTCHERY,,,,,,,,-,
BUTCHERY,,,,,,,,-,
BUTCHERY,,,,,,,,-,
BUTCHERY,,,,,27.15,,,"1,821.83",
BUTCHERY,,,,,Scale,,1.000,,
BUTCHERY,,,,,Yield,27.15,26.00,,
BUTCHERY,,,,,Cost excl per Each/Kg,,,,70.07
BUTCHERY,,,,,,,,,
BUTCHERY,27872,PRS TOMATO CKT GRILLER,Vat,,,,,,58.45
BUTCHERY,,Prod Code,Description,Pack,Weight,Cost,Recipe,Cost,
BUTCHERY,,28863,VAC CROPS 90/10,P/KG,9.000,69.99,9.000,629.91,
BUTCHERY,,28760,BEEF KIDNEY FAT,P/KG,3.000,13.99,3.000,41.97,
BUTCHERY,,33696,SPAR WATER,P/KG,3.000,3.30,3.000,9.90,
BUTCHERY,,27233,PRS TOMATO GRILLER,1KG,1.000,115.00,1.000,115.00,
BUTCHERY,,28695,HALAAL SHEEP CASINGS,P/KG,,199.99,0.400,80.00,
BUTCHERY,,,,,,,,-,
BUTCHERY,,,,,,,,-,
BUTCHERY,,,,,,,,-,
BUTCHERY,,,,,,,,-,
BUTCHERY,,,,,,,,-,
BUTCHERY,,,,,,,,-,
BUTCHERY,,,,,,,,-,
BUTCHERY,,,,,,,,-,
BUTCHERY,,,,,,,,-,
BUTCHERY,,,,,,,,-,
BUTCHERY,,,,,,,,-,
BUTCHERY,,,,,,,,-,
BUTCHERY,,,,,,,,-,
BUTCHERY,,,,,16,,,876.78,
BUTCHERY,,,,,Scale,,1.000,,
BUTCHERY,,,,,Yield,16.00,15.00,,
BUTCHERY,,,,,Cost excl per Each/Kg,,,,58.45
BUTCHERY,,,,,,,,,
BUTCHERY,26943,C/N KAMPVUUR WORS,Vat,,,,,,49.00
BUTCHERY,,Prod Code,Description,Pack,Weight,Cost,Recipe,Cost,
BUTCHERY,,28863,VAC CROPS 90/10,P/KG,8.300,69.99,8.300,580.92,
BUTCHERY,,28760,BEEF KIDNEY FAT,P/KG,2.100,13.99,2.100,29.38,
BUTCHERY,,33696,SPAR WATER,P/KG,5.300,3.30,5.300,17.49,
BUTCHERY,,27275,WORS KAMPVUUR,1KG,1.000,66.48,1.000,66.48,
BUTCHERY,,26707,SHEEP SKIRTS,P/KG,8.300,42.99,8.300,356.82,
BUTCHERY,,28695,HALAAL SHEEP CASINGS,P/KG,,199.99,0.625,124.99,
BUTCHERY,,,,,,,,-,
BUTCHERY,,,,,,,,-,
BUTCHERY,,,,,,,,-,
BUTCHERY,,,,,,,,-,
BUTCHERY,,,,,,,,-,
BUTCHERY,,,,,,,,-,
BUTCHERY,,,,,,,,-,
BUTCHERY,,,,,,,,-,
BUTCHERY,,,,,,,,-,
BUTCHERY,,,,,,,,-,
BUTCHERY,,,,,,,,-,
BUTCHERY,,,,,,,,-,
BUTCHERY,,,,,25,,,"1,176.08",
BUTCHERY,,,,,Scale,,1.000,,
BUTCHERY,,,,,Yield,25.00,24.00,,
BUTCHERY,,,,,Cost excl per Each/Kg,,,,49.00
BUTCHERY,,,,,,,,,
BUTCHERY,26679,SPAR Y/B GROUND BEEF,Vat,,,,,,60.96
BUTCHERY,,Prod Code,Description,Pack,Weight,Cost,Recipe,Cost,
BUTCHERY,,28863,VAC CROPS 90/10,P/KG,12.550,69.99,12.550,878.37,
BUTCHERY,,33696,SPAR WATER,P/KG,3.150,3.30,3.150,10.40,
BUTCHERY,,29730,EC GROUND BEEF,P/KG,1.000,56.16,1.000,56.16,
BUTCHERY,,,,,,,,-,
BUTCHERY,,,,,,,,-,
BUTCHERY,,,,,,,,-,
BUTCHERY,,,,,,,,-,
BUTCHERY,,,,,,,,-,
BUTCHERY,,,,,,,,-,
BUTCHERY,,,,,,,,-,
BUTCHERY,,,,,,,,-,
BUTCHERY,,,,,,,,-,
BUTCHERY,,,,,,,,-,
BUTCHERY,,,,,,,,-,
BUTCHERY,,,,,,,,-,
BUTCHERY,,,,,,,,-,
BUTCHERY,,,,,,,,-,
BUTCHERY,,,,,,,,-,
BUTCHERY,,,,,16.7,,,944.93,
BUTCHERY,,,,,Scale,,1.000,,
BUTCHERY,,,,,Yield,16.70,15.50,,
BUTCHERY,,,,,Cost excl per Each/Kg,,,,60.96
BUTCHERY,,,,,,,,,
BUTCHERY,26695,SPAR DHANYA GRILLER.,Vat,,,,,,60.69
BUTCHERY,,Prod Code,Description,Pack,Weight,Cost,Recipe,Cost,
BUTCHERY,,28444,SPECIAL DHANIA SAUSAGE,P/KG,1.000,99.99,1.000,99.99,
BUTCHERY,,28760,BEEF KIDNEY FAT,P/KG,2.000,13.99,2.000,27.98,
BUTCHERY,,33696,SPAR WATER,P/KG,2.500,3.30,2.500,8.25,
BUTCHERY,,28695,HALAAL SHEEP CASINGS,P/KG,,199.99,0.313,62.50,
BUTCHERY,,28863,VAC CROPS 90/10,P/KG,8.000,69.99,8.000,559.92,
BUTCHERY,,,,,,,,-,
BUTCHERY,,,,,,,,-,
BUTCHERY,,,,,,,,-,
BUTCHERY,,,,,,,,-,
BUTCHERY,,,,,,,,-,
BUTCHERY,,,,,,,,-,
BUTCHERY,,,,,,,,-,
BUTCHERY,,,,,,,,-,
BUTCHERY,,,,,,,,-,
BUTCHERY,,,,,,,,-,
BUTCHERY,,,,,,,,-,
BUTCHERY,,,,,,,,-,
BUTCHERY,,,,,,,,-,
BUTCHERY,,,,,13.5,,,758.64,
BUTCHERY,,,,,Scale,,1.000,,
BUTCHERY,,,,,Yield,13.50,12.50,,
BUTCHERY,,,,,Cost excl per Each/Kg,,,,60.69
BUTCHERY,,,,,,,,,
BUTCHERY,26673,PRS Kalahari Boerewors,Vat,,,,,,65.96
BUTCHERY,,Prod Code,Description,Pack,Weight,Cost,Recipe,Cost,
BUTCHERY,,28863,VAC CROPS 90/10,P/KG,12.000,69.99,12.000,839.88,
BUTCHERY,,33696,SPAR WATER,P/KG,0.700,3.30,0.700,2.31,
BUTCHERY,,24654,SAUCE ON TAP VINEGAR BRWN,10LT,0.700,100.50,0.700,70.35,
BUTCHERY,,27227,KALAHARI BOERWORS,1KG,1.000,125.00,1.000,125.00,
BUTCHERY,,28695,HALAAL SHEEP CASINGS,P/KG,,199.99,0.610,121.99,
BUTCHERY,,21477,WLP PORK TRIMMINGS 70/30,P/KG,10.000,44.98,10.000,449.84,
BUTCHERY,,,,,,,,-,
BUTCHERY,,,,,,,,-,
BUTCHERY,,,,,,,,-,
BUTCHERY,,,,,,,,-,
BUTCHERY,,,,,,,,-,
BUTCHERY,,,,,,,,-,
BUTCHERY,,,,,,,,-,
BUTCHERY,,,,,,,,-,
BUTCHERY,,,,,,,,-,
BUTCHERY,,,,,,,,-,
BUTCHERY,,,,,,,,-,
BUTCHERY,,,,,,,,-,
BUTCHERY,,,,,24.4,,,"1,609.37",
BUTCHERY,,,,,Scale,,1.000,,
BUTCHERY,,,,,Yield,24.40,24.40,,
BUTCHERY,,,,,Cost excl per Each/Kg,,,,65.96
BUTCHERY,,,,,,,,,
BUTCHERY,32231,SHERIFF BOEREWORS,Vat,,,,,,62.44
BUTCHERY,,Prod Code,Description,Pack,Weight,Cost,Recipe,Cost,
BUTCHERY,,28863,VAC CROPS 90/10,P/KG,17.000,69.99,17.000,"1,189.83",
BUTCHERY,,33696,SPAR WATER,P/KG,3.000,3.30,3.000,9.90,
BUTCHERY,,32191,SHERIFF BOEREWORS SPICES,P/KG,1.000,68.69,1.000,68.69,
BUTCHERY,,28695,HALAAL SHEEP CASINGS,P/KG,,199.99,0.775,154.99,
BUTCHERY,,21477,WLP PORK TRIMMINGS 70/30,P/KG,10.000,44.98,10.000,449.84,
BUTCHERY,,,,,,,,-,
BUTCHERY,,,,,,,,-,
BUTCHERY,,,,,,,,-,
BUTCHERY,,,,,,,,-,
BUTCHERY,,,,,,,,-,
BUTCHERY,,,,,,,,-,
BUTCHERY,,,,,,,,-,
BUTCHERY,,,,,,,,-,
BUTCHERY,,,,,,,,-,
BUTCHERY,,,,,,,,-,
BUTCHERY,,,,,,,,-,
BUTCHERY,,,,,,,,-,
BUTCHERY,,,,,,,,-,
BUTCHERY,,,,,31,,,"1,873.25",
BUTCHERY,,,,,Scale,,1.000,,
BUTCHERY,,,,,Yield,31.00,30.00,,
BUTCHERY,,,,,Cost excl per Each/Kg,,,,62.44
BUTCHERY,,,,,,,,,
BUTCHERY,31396,LEGACY BOEREWORS,Vat,,,,,,67.49
BUTCHERY,,Prod Code,Description,Pack,Weight,Cost,Recipe,Cost,
BUTCHERY,,28863,VAC CROPS 90/10,P/KG,20.000,69.99,20.000,"1,399.80",
BUTCHERY,,33696,SPAR WATER,P/KG,1.100,3.30,1.100,3.63,
BUTCHERY,,31438,OOM REDDYS BWS,1.2KG,1.200,84.59,1.200,101.51,
BUTCHERY,,24654,SAUCE ON TAP VINEGAR BRWN,10LT,1.100,100.50,1.100,110.55,
BUTCHERY,,28695,HALAAL SHEEP CASINGS,P/KG,,199.99,0.900,179.99,
BUTCHERY,,21477,WLP PORK TRIMMINGS 70/30,P/KG,12.600,44.98,12.600,566.80,
BUTCHERY,,,,,,,,-,
BUTCHERY,,,,,,,,-,
BUTCHERY,,,,,,,,-,
BUTCHERY,,,,,,,,-,
BUTCHERY,,,,,,,,-,
BUTCHERY,,,,,,,,-,
BUTCHERY,,,,,,,,-,
BUTCHERY,,,,,,,,-,
BUTCHERY,,,,,,,,-,
BUTCHERY,,,,,,,,-,
BUTCHERY,,,,,,,,-,
BUTCHERY,,,,,,,,-,
BUTCHERY,,,,,36,,,"2,362.27",
BUTCHERY,,,,,Scale,,1.000,,
BUTCHERY,,,,,Yield,36.00,35.00,,
BUTCHERY,,,,,Cost excl per Each/Kg,,,,67.49
BUTCHERY,,,,,,,,,
BUTCHERY,26678,SAVOURY MINCE,Vat,,,,,,60.40
BUTCHERY,,Prod Code,Description,Pack,Weight,Cost,Recipe,Cost,
BUTCHERY,,28863,VAC CROPS 90/10,P/KG,11.700,69.99,11.700,818.88,
BUTCHERY,,33696,SPAR WATER,P/KG,4.000,3.30,4.000,13.20,
BUTCHERY,,29666,SAVOURY MINCE,1.6LT,1.600,83.95,1.600,134.32,
BUTCHERY,,,,,,,,-,
BUTCHERY,,,,,,,,-,
BUTCHERY,,,,,,,,-,
BUTCHERY,,,,,,,,-,
BUTCHERY,,,,,,,,-,
BUTCHERY,,,,,,,,-,
BUTCHERY,,,,,,,,-,
BUTCHERY,,,,,,,,-,
BUTCHERY,,,,,,,,-,
BUTCHERY,,,,,,,,-,
BUTCHERY,,,,,,,,-,
BUTCHERY,,,,,,,,-,
BUTCHERY,,,,,,,,-,
BUTCHERY,,,,,,,,-,
BUTCHERY,,,,,,,,-,
BUTCHERY,,,,,17.3,,,966.40,
BUTCHERY,,,,,Scale,,1.000,,
BUTCHERY,,,,,Yield,17.30,16.00,,
BUTCHERY,,,,,Cost excl per Each/Kg,,,,60.40
BUTCHERY,,,,,,,,,
BUTCHERY,28867,SIX GUN BEEF BURGER,Vat,,,,,,63.64
BUTCHERY,,Prod Code,Description,Pack,Weight,Cost,Recipe,Cost,
BUTCHERY,,28863,VAC CROPS 90/10,P/KG,12.000,69.99,12.000,839.88,
BUTCHERY,,33696,SPAR WATER,P/KG,2.000,3.30,2.000,6.60,
BUTCHERY,,32162,BURGER SIX GUN GRILL,1KG,1.000,76.24,1.000,76.24,
BUTCHERY,,,,,,,,-,
BUTCHERY,,,,,,,,-,
BUTCHERY,,,,,,,,-,
BUTCHERY,,,,,,,,-,
BUTCHERY,,,,,,,,-,
BUTCHERY,,,,,,,,-,
BUTCHERY,,,,,,,,-,
BUTCHERY,,,,,,,,-,
BUTCHERY,,,,,,,,-,
BUTCHERY,,,,,,,,-,
BUTCHERY,,,,,,,,-,
BUTCHERY,,,,,,,,-,
BUTCHERY,,,,,,,,-,
BUTCHERY,,,,,,,,-,
BUTCHERY,,,,,,,,-,
BUTCHERY,,,,,15,,,922.72,
BUTCHERY,,,,,Scale,,1.000,,
BUTCHERY,,,,,Yield,15.00,14.50,,
BUTCHERY,,,,,Cost excl per Each/Kg,,,,63.64
BUTCHERY,,,,,,,,,
BUTCHERY,30357,IZOSO SHISA NYAMA BRAAIWORS,Vat,,,,,,50.34
BUTCHERY,,Prod Code,Description,Pack,Weight,Cost,Recipe,Cost,
BUTCHERY,,28863,VAC CROPS 90/10,P/KG,30.000,69.99,30.000,"2,099.70",
BUTCHERY,,28760,BEEF KIDNEY FAT,P/KG,10.000,13.99,10.000,139.90,
BUTCHERY,,33696,SPAR WATER,P/KG,11.450,3.30,11.450,37.79,
BUTCHERY,,30786,IZOSO SHISA NYAMA BRAAIWORS,P/KG,1.900,38.82,1.900,73.76,
BUTCHERY,,28695,HALAAL SHEEP CASINGS,P/KG,,199.99,1.334,266.74,
BUTCHERY,,,,,,,,-,
BUTCHERY,,,,,,,,-,
BUTCHERY,,,,,,,,-,
BUTCHERY,,,,,,,,-,
BUTCHERY,,,,,,,,-,
BUTCHERY,,,,,,,,-,
BUTCHERY,,,,,,,,-,
BUTCHERY,,,,,,,,-,
BUTCHERY,,,,,,,,-,
BUTCHERY,,,,,,,,-,
BUTCHERY,,,,,,,,-,
BUTCHERY,,,,,,,,-,
BUTCHERY,,,,,,,,-,
BUTCHERY,,,,,53.35,,,"2,617.88",
BUTCHERY,,,,,Scale,,1.000,,
BUTCHERY,,,,,Yield,53.35,52.00,,
BUTCHERY,,,,,Cost excl per Each/Kg,,,,50.34
BUTCHERY,,,,,,,,,
BUTCHERY,33168,SWEET CHILLI BEEF SAUSAGE,Vat,,,,,,70.98
BUTCHERY,,Prod Code,Description,Pack,Weight,Cost,Recipe,Cost,
BUTCHERY,,28863,VAC CROPS 90/10,P/KG,11.500,69.99,11.500,804.89,
BUTCHERY,,33696,SPAR WATER,P/KG,2.500,3.30,2.500,8.25,
BUTCHERY,,31965,SUASAGE SW/CHILLIE M/CLUB,1KG,1.000,105.52,1.000,105.52,
BUTCHERY,,28695,HALAAL SHEEP CASINGS,P/KG,,199.99,0.375,75.00,
BUTCHERY,,,,,,,,-,
BUTCHERY,,,,,,,,-,
BUTCHERY,,,,,,,,-,
BUTCHERY,,,,,,,,-,
BUTCHERY,,,,,,,,-,
BUTCHERY,,,,,,,,-,
BUTCHERY,,,,,,,,-,
BUTCHERY,,,,,,,,-,
BUTCHERY,,,,,,,,-,
BUTCHERY,,,,,,,,-,
BUTCHERY,,,,,,,,-,
BUTCHERY,,,,,,,,-,
BUTCHERY,,,,,,,,-,
BUTCHERY,,,,,,,,-,
BUTCHERY,,,,,15,,,993.65,
BUTCHERY,,,,,Scale,,1.000,,
BUTCHERY,,,,,Yield,15.00,14.00,,
BUTCHERY,,,,,Cost excl per Each/Kg,,,,70.98
BUTCHERY,,,,,,,,,
BUTCHERY,33937,DHL STORMERS BOEREWORS,Vat,,,,,,62.02
BUTCHERY,,Prod Code,Description,Pack,Weight,Cost,Recipe,Cost,
BUTCHERY,,28863,VAC CROPS 90/10,P/KG,20.000,69.99,20.000,"1,399.80",
BUTCHERY,,33696,SPAR WATER,P/KG,2.000,3.30,2.000,6.60,
BUTCHERY,,21477,WLP PORK TRIMMINGS 70/30,P/KG,10.000,44.98,10.000,449.84,
BUTCHERY,,33934,B/WORS STORMERS,1KG,1.000,25.55,1.000,25.55,
BUTCHERY,,28695,HALAAL SHEEP CASINGS,P/KG,,199.99,0.825,164.99,
BUTCHERY,,,,,,,,-,
BUTCHERY,,,,,,,,-,
BUTCHERY,,,,,,,,-,
BUTCHERY,,,,,,,,-,
BUTCHERY,,,,,,,,-,
BUTCHERY,,,,,,,,-,
BUTCHERY,,,,,,,,-,
BUTCHERY,,,,,,,,-,
BUTCHERY,,,,,,,,-,
BUTCHERY,,,,,,,,-,
BUTCHERY,,,,,,,,-,
BUTCHERY,,,,,,,,-,
BUTCHERY,,,,,,,,-,
BUTCHERY,,,,,33,,,"2,046.78",
BUTCHERY,,,,,Scale,,1.000,,
BUTCHERY,,,,,Yield,33.00,33.00,,
BUTCHERY,,,,,Cost excl per Each/Kg,,,,62.02
BUTCHERY,,,,,,,,,
BUTCHERY,33938,SAFARI BOEREWORS,Vat,,,,,,63.84
BUTCHERY,,Prod Code,Description,Pack,Weight,Cost,Recipe,Cost,
BUTCHERY,,28863,VAC CROPS 90/10,P/KG,12.000,69.99,12.000,839.88,
BUTCHERY,,33696,SPAR WATER,P/KG,1.000,3.30,1.000,3.30,
BUTCHERY,,24654,SAUCE ON TAP VINEGAR BRWN,10LT,0.250,100.50,0.250,25.13,
BUTCHERY,,21477,WLP PORK TRIMMINGS 70/30,P/KG,8.000,44.98,8.000,359.87,
BUTCHERY,,33932,B/WORS SAFARI,1KG,1.000,80.97,1.000,80.97,
BUTCHERY,,28695,HALAAL SHEEP CASINGS,P/KG,,199.99,0.556,111.24,
BUTCHERY,,,,,,,,-,
BUTCHERY,,,,,,,,-,
BUTCHERY,,,,,,,,-,
BUTCHERY,,,,,,,,-,
BUTCHERY,,,,,,,,-,
BUTCHERY,,,,,,,,-,
BUTCHERY,,,,,,,,-,
BUTCHERY,,,,,,,,-,
BUTCHERY,,,,,,,,-,
BUTCHERY,,,,,,,,-,
BUTCHERY,,,,,,,,-,
BUTCHERY,,,,,,,,-,
BUTCHERY,,,,,22.25,,,"1,420.39",
BUTCHERY,,,,,Scale,,1.000,,
BUTCHERY,,,,,Yield,22.25,22.25,,
BUTCHERY,,,,,Cost excl per Each/Kg,,,,63.84
BUTCHERY,,,,,,,,,
BAKERY,31942,MARGHERITA PIZZA SLICE,Vat,,,,,,14.44
BAKERY,,Prod Code,Description,Pack,Weight,Cost,Recipe,Cost,
BAKERY,,33926,PARBKD PIZZA SHT MARGR,870G,1.000,86.66,1.000,86.66,
BAKERY,,,,,,,,-,
BAKERY,,,,,,,,-,
BAKERY,,,,,,,,-,
BAKERY,,,,,,,,-,
BAKERY,,,,,,,,-,
BAKERY,,,,,,,,-,
BAKERY,,,,,,,,-,
BAKERY,,,,,,,,-,
BAKERY,,,,,,,,-,
BAKERY,,,,,,,,-,
BAKERY,,,,,,,,-,
BAKERY,,,,,,,,-,
BAKERY,,,,,,,,-,
BAKERY,,,,,,,,-,
BAKERY,,,,,,,,-,
BAKERY,,,,,,,,-,
BAKERY,,,,,,,,-,
BAKERY,,,,,1,,,86.66,
BAKERY,,,,,Scale,,,,
BAKERY,,,,,Yield,,6.00,,
BAKERY,,,,,Cost excl per Each/Kg,,,,14.44
BAKERY,,,,,,,,,
BAKERY,26712,PANINI ROLLS,Vat,,,,,,3.08
BAKERY,,Prod Code,Description,Pack,Weight,Cost,Recipe,Cost,
BAKERY,,32007,BAG CIABATTA,10KG,2.500,40.10,2.500,100.25,
BAKERY,,28779,YEAST WET,P/KG,0.300,34.25,0.300,10.28,
BAKERY,,29030,SPAR WATER,P/KG,8.000,3.20,8.000,25.60,
BAKERY,,15732,WC MILLING CAKE FLOUR,12.5K,12.500,11.40,12.500,142.46,
BAKERY,,29322,OIL VEGETABLE CHIPKINS,20LT,0.250,43.50,0.250,10.88,
BAKERY,,,,,,,,-,
BAKERY,,,,,,,,-,
BAKERY,,,,,,,,-,
BAKERY,,,,,,,,-,
BAKERY,,,,,,,,-,
BAKERY,,,,,,,,-,
BAKERY,,,,,,,,-,
BAKERY,,,,,,,,-,
BAKERY,,,,,,,,-,
BAKERY,,,,,,,,-,
BAKERY,,,,,,,,-,
BAKERY,,,,,,,,-,
BAKERY,,,,,,,,-,
BAKERY,,,,,23.55,,,289.46,
BAKERY,,,,,Scale,,0.250,,
BAKERY,,,,,Yield,94.20,94.00,,
BAKERY,,,,,Cost excl per Each/Kg,,,,3.08
BAKERY,,,,,,,,,
BUTCHERY,34039,VHFS SOSATIE SAUSAGE,Vat,,,,,,
BUTCHERY,,Prod Code,Description,Pack,Weight,Cost,Recipe,Cost,
BUTCHERY,,28951,TRIMMINGS B/M 90VL V/P,P/KG,6.000,48.99,6.000,293.94,
BUTCHERY,,28760,BEEF KIDNEY FAT,P/KG,0.950,13.99,0.950,13.29,
BUTCHERY,,34037,SPICES VHFS SOSATIE WORS,1KG,1.000,62.99,1.000,62.99,
BUTCHERY,,33696,SPAR WATER,P/KG,2.500,3.30,2.500,8.25,
BUTCHERY,,2842,SPAR CHUTNEY FRT MILD,460G,0.500,21.59,0.500,10.80,
BUTCHERY,,29669,WORCESTER SAUCE 5 LITRES,5LT,0.050,9.87,0.050,0.49,
BUTCHERY,,28695,HALAAL SHEEP CASINGS,P/KG,,199.99,0.275,55.00,
BUTCHERY,,,,,,,,-,
BUTCHERY,,,,,,,,-,
BUTCHERY,,,,,,,,-,
BUTCHERY,,,,,,,,-,
BUTCHERY,,,,,,,,-,
BUTCHERY,,,,,,,,-,
BUTCHERY,,,,,,,,-,
BUTCHERY,,,,,,,,-,
BUTCHERY,,,,,,,,-,
BUTCHERY,,,,,,,,-,
BUTCHERY,,,,,,,,-,
BUTCHERY,,,,,11,,,444.76,
BUTCHERY,,,,,Scale,,1.000,,
BUTCHERY,,,,,Yield,11.00,,,
BUTCHERY,,,,,Cost excl per Each/Kg,,,,
BUTCHERY,,,,,,,,,
HMR,26917,COOKED SAMP&BEANS,Vat,,,,,,27.13
HMR,,Prod Code,Description,Pack,Weight,Cost,Recipe,Cost,
HMR,,10245,SPAR SAMP,10KG,10.000,123.92,10.000,"1,239.20",
HMR,,33807,SPAR WATER,P/KG,20.000,3.20,20.000,64.00,
HMR,,10246,SPAR RED SPECKLED BEANS,500GR,12.000,27.05,12.000,324.57,
HMR,,,,,,,,-,
HMR,,,,,,,,-,
HMR,,,,,,,,-,
HMR,,,,,,,,-,
HMR,,,,,,,,-,
HMR,,,,,,,,-,
HMR,,,,,,,,-,
HMR,,,,,,,,-,
HMR,,,,,,,,-,
HMR,,,,,,,,-,
HMR,,,,,,,,-,
HMR,,,,,,,,-,
HMR,,,,,,,,-,
HMR,,,,,,,,-,
HMR,,,,,,,,-,
HMR,,,,,42,,,"1,627.77",
HMR,,,,,Scale,,,,
HMR,,,,,Yield,,60.00,,
HMR,,,,,Cost excl per Each/Kg,,,,27.13
HMR,,,,,,,,,
HMR,26966,PLAIN RICE,Vat,,,,,,7.85
HMR,,Prod Code,Description,Pack,Weight,Cost,Recipe,Cost,
HMR,,2813,SPAR RICE PARBOILED,10KG,10.000,171.49,1.000,171.49,
HMR,,33807,SPAR WATER,P/KG,20.000,3.20,20.000,64.00,
HMR,,,,,,,,-,
HMR,,,,,,,,-,
HMR,,,,,,,,-,
HMR,,,,,,,,-,
HMR,,,,,,,,-,
HMR,,,,,,,,-,
HMR,,,,,,,,-,
HMR,,,,,,,,-,
HMR,,,,,,,,-,
HMR,,,,,,,,-,
HMR,,,,,,,,-,
HMR,,,,,,,,-,
HMR,,,,,,,,-,
HMR,,,,,,,,-,
HMR,,,,,,,,-,
HMR,,,,,,,,-,
HMR,,,,,30,,,235.49,
HMR,,,,,Scale,,,,
HMR,,,,,Yield,,30.00,,
HMR,,,,,Cost excl per Each/Kg,,,,7.85
HMR,,,,,,,,,
HMR,26905,CHAKALAKA BEANS SALAD,Vat,,,,,,
HMR,,Prod Code,Description,Pack,Weight,Cost,Recipe,Cost,
HMR,,28825,BEANS IN T/S RHODES,P/KG,3.000,27.13,3.000,81.38,
HMR,,,,,-,,,-,
HMR,,26530,CURRY MED RAJAH,800G,0.050,85.44,0.050,4.27,
HMR,,30381,CURRY HOT RAJAH,800GR,0.050,136.70,0.050,6.84,
HMR,,30723,TOMATO SAUCE,5LT,2.000,47.00,2.000,94.00,
HMR,,27893,PEPPERS YELLOW,P/KG,2.000,36.67,2.000,73.33,
HMR,,28558,PEPPERS GREEN,P/KG,2.000,24.24,2.000,48.48,
HMR,,27892,PEPPERS RED,P/KG,2.000,38.76,2.000,77.52,
HMR,,27888,ONIONS010-HF,P/KG,2.000,8.20,2.000,16.40,
HMR,,27887,CARROTS,P/KG,10.000,7.50,10.000,75.00,
HMR,,26528,SPICE AROMAT,1KG,0.100,129.26,0.100,12.93,
HMR,,27220,SWEET CHILLI SAUCE,5LT,2.000,55.00,2.000,110.00,
HMR,,26518,OIL PURE EXCELLA,20LT,2.000,32.98,2.000,65.96,
HMR,,,,,,,,-,
HMR,,,,,,,,-,
HMR,,,,,,,,-,
HMR,,,,,,,,-,
HMR,,,,,,,,-,
HMR,,,,,27.2,,,666.11,
HMR,,,,,Scale,,,,
HMR,,,,,Yield,,,,
HMR,,,,,Cost excl per Each/Kg,,,,
HMR,,,,,,,,,
BUTCHERY,29171,SPAR Y/B BEEF & PORK MINCE,Vat,,,,,,48.49
BUTCHERY,,Prod Code,Description,Pack,Weight,Cost,Recipe,Cost,
BUTCHERY,,28951,TRIMMINGS B/M 90VL V/P,P/KG,10.000,48.99,10.000,489.90,
BUTCHERY,,29378,PORK TRIMMINGS 90/10,P/KG,10.000,47.99,10.000,479.90,
BUTCHERY,,,,,,,,-,
BUTCHERY,,,,,,,,-,
BUTCHERY,,,,,,,,-,
BUTCHERY,,,,,,,,-,
BUTCHERY,,,,,,,,-,
BUTCHERY,,,,,,,,-,
BUTCHERY,,,,,,,,-,
BUTCHERY,,,,,,,,-,
BUTCHERY,,,,,,,,-,
BUTCHERY,,,,,,,,-,
BUTCHERY,,,,,,,,-,
BUTCHERY,,,,,,,,-,
BUTCHERY,,,,,,,,-,
BUTCHERY,,,,,,,,-,
BUTCHERY,,,,,,,,-,
BUTCHERY,,,,,,,,-,
BUTCHERY,,,,,20,,,969.80,
BUTCHERY,,,,,Scale,,1.000,,
BUTCHERY,,,,,Yield,20.00,20.00,,
BUTCHERY,,,,,Cost excl per Each/Kg,,,,48.49
BUTCHERY,,,,,,,,,
BAKERY,27131,CHOC SPONGE SHEETS,Vat,,,,,,82.88
BAKERY,,Prod Code,Description,Pack,Weight,Cost,Recipe,Cost,
BAKERY,,28292,PETTINA INST CHOC SPONGE,P/KG,6.000,34.84,6.000,209.04,
BAKERY,,26370,GOLDEN YOLK LOOSE BAKERY EGGS,30'S,2.700,59.00,2.000,118.00,
BAKERY,,29030,SPAR WATER,P/KG,1.400,3.20,1.400,4.48,
BAKERY,,,,,,,,-,
BAKERY,,,,,,,,-,
BAKERY,,,,,,,,-,
BAKERY,,,,,,,,-,
BAKERY,,,,,,,,-,
BAKERY,,,,,,,,-,
BAKERY,,,,,,,,-,
BAKERY,,,,,,,,-,
BAKERY,,,,,,,,-,
BAKERY,,,,,,,,-,
BAKERY,,,,,,,,-,
BAKERY,,,,,,,,-,
BAKERY,,,,,,,,-,
BAKERY,,,,,,,,-,
BAKERY,,,,,,,,-,
BAKERY,,,,,10.1,,,331.52,
BAKERY,,,,,Scale,,2.500,,
BAKERY,,,,,Yield,4.04,4.00,,
BAKERY,,,,,Cost excl per Each/Kg,,,,82.88
BAKERY,,,,,,,,,
BAKERY,27204,RAINBOW CAKE,Vat,,,,,,18.07
BAKERY,,Prod Code,Description,Pack,Weight,Cost,Recipe,Cost,
BAKERY,,27131,CHOC SPONGE SHEETS,EACH,3.000,103.86,3.000,311.58,
BAKERY,,28061,SUGAR ICING CHIPKIN,P/KG,0.600,25.32,0.600,15.19,
BAKERY,,27498,MARG YELLOW WOODEN SPOON,P/KG,0.600,36.36,0.600,21.82,
BAKERY,,28622,VERMICELLI R/BOW CHIPKINS,P/KG,0.200,64.40,0.200,12.88,
BAKERY,,,,,,,,-,
BAKERY,,,,,,,,-,
BAKERY,,,,,,,,-,
BAKERY,,,,,,,,-,
BAKERY,,,,,,,,-,
BAKERY,,,,,,,,-,
BAKERY,,,,,,,,-,
BAKERY,,,,,,,,-,
BAKERY,,,,,,,,-,
BAKERY,,,,,,,,-,
BAKERY,,,,,,,,-,
BAKERY,,,,,,,,-,
BAKERY,,,,,,,,-,
BAKERY,,,,,,,,-,
BAKERY,,,,,4.4,,,361.47,
BAKERY,,,,,Scale,,,,
BAKERY,,,,,Yield,,20.00,,
BAKERY,,,,,Cost excl per Each/Kg,,,,18.07
BAKERY,,,,,,,,,
BAKERY,29161,RAINBOW SLAB,Vat,,,,,,9.04
BAKERY,,Prod Code,Description,Pack,Weight,Cost,Recipe,Cost,
BAKERY,,27131,CHOC SPONGE SHEETS,EACH,3.000,103.86,3.000,311.58,
BAKERY,,28061,SUGAR ICING CHIPKIN,P/KG,0.600,25.32,0.600,15.19,
BAKERY,,27498,MARG YELLOW WOODEN SPOON,P/KG,0.600,36.36,0.600,21.82,
BAKERY,,28622,VERMICELLI R/BOW CHIPKINS,P/KG,0.200,64.40,0.200,12.88,
BAKERY,,,,,,,,-,
BAKERY,,,,,,,,-,
BAKERY,,,,,,,,-,
BAKERY,,,,,,,,-,
BAKERY,,,,,,,,-,
BAKERY,,,,,,,,-,
BAKERY,,,,,,,,-,
BAKERY,,,,,,,,-,
BAKERY,,,,,,,,-,
BAKERY,,,,,,,,-,
BAKERY,,,,,,,,-,
BAKERY,,,,,,,,-,
BAKERY,,,,,,,,-,
BAKERY,,,,,,,,-,
BAKERY,,,,,4.4,,,361.47,
BAKERY,,,,,Scale,,,,
BAKERY,,,,,Yield,,40.00,,
BAKERY,,,,,Cost excl per Each/Kg,,,,9.04
BAKERY,,,,,,,,,
BAKERY,27144,VANILLA SPONGE SHEETS,Vat,,,,,,78.20
BAKERY,,Prod Code,Description,Pack,Weight,Cost,Recipe,Cost,
BAKERY,,27989,PETTINA SPONGE INSTANT,P/KG,6.000,31.72,6.000,190.32,
BAKERY,,26370,GOLDEN YOLK LOOSE BAKERY EGGS,30'S,2.700,59.00,2.000,118.00,
BAKERY,,29030,SPAR WATER,P/KG,1.400,3.20,1.400,4.48,
BAKERY,,,,,,,,-,
BAKERY,,,,,,,,-,
BAKERY,,,,,,,,-,
BAKERY,,,,,,,,-,
BAKERY,,,,,,,,-,
BAKERY,,,,,,,,-,
BAKERY,,,,,,,,-,
BAKERY,,,,,,,,-,
BAKERY,,,,,,,,-,
BAKERY,,,,,,,,-,
BAKERY,,,,,,,,-,
BAKERY,,,,,,,,-,
BAKERY,,,,,,,,-,
BAKERY,,,,,,,,-,
BAKERY,,,,,,,,-,
BAKERY,,,,,10.1,,,312.80,
BAKERY,,,,,Scale,,,,
BAKERY,,,,,Yield,,4.00,,
BAKERY,,,,,Cost excl per Each/Kg,,,,78.20
BAKERY,,,,,,,,,
BAKERY,29067,PEPPERMINT CAKE,Vat,,,,,,75.27
BAKERY,,Prod Code,Description,Pack,Weight,Cost,Recipe,Cost,
BAKERY,,27970,CHOCOLATE BETTERCREME,P/KG,0.300,68.37,0.300,20.51,
BAKERY,,30618,RICH'S CHOCOLATE SIGNATURE,EA,0.678,26.95,1.500,40.43,
BAKERY,,28298,CHOC MINT CRUMBLE,P/KG,0.008,163.81,0.008,1.31,
BAKERY,,27993,CHOCKEX CHIPS,P/KG,0.040,66.67,0.040,2.67,
BAKERY,,27485,AMBIANTE TOPPING INT,1LT,0.040,59.21,0.040,2.37,
BAKERY,,30778,B471 SCREW LOCK BASE,EA,,2.67,1.000,2.67,
BAKERY,,30779,B562 SCREW LOCK DOME,EA,,5.31,1.000,5.31,
BAKERY,,,,,,,,-,
BAKERY,,,,,,,,-,
BAKERY,,,,,,,,-,
BAKERY,,,,,,,,-,
BAKERY,,,,,,,,-,
BAKERY,,,,,,,,-,
BAKERY,,,,,,,,-,
BAKERY,,,,,,,,-,
BAKERY,,,,,,,,-,
BAKERY,,,,,,,,-,
BAKERY,,,,,,,,-,
BAKERY,,,,,1.066,,,75.27,
BAKERY,,,,,Scale,,1.000,,
BAKERY,,,,,Yield,1.07,1.00,,
BAKERY,,,,,Cost excl per Each/Kg,,,,75.27
BAKERY,,,,,,,,,
BAKERY,27300,IMITATION CREAM CAKE,Vat,,,,,,59.79
BAKERY,,Prod Code,Description,Pack,Weight,Cost,Recipe,Cost,
BAKERY,,28330,SPONGE ROUND PLAIN,EA,0.450,31.98,1.000,31.98,
BAKERY,,28042,CARAMEL PREMIUM,3KG,0.066,121.00,0.066,7.99,
BAKERY,,27485,AMBIANTE TOPPING INT,1LT,0.200,59.21,0.200,11.84,
BAKERY,,30778,B471 SCREW LOCK BASE,EA,,2.67,1.000,2.67,
BAKERY,,30779,B562 SCREW LOCK DOME,EA,,5.31,1.000,5.31,
BAKERY,,,,,,,,-,
BAKERY,,,,,,,,-,
BAKERY,,,,,,,,-,
BAKERY,,,,,,,,-,
BAKERY,,,,,,,,-,
BAKERY,,,,,,,,-,
BAKERY,,,,,,,,-,
BAKERY,,,,,,,,-,
BAKERY,,,,,,,,-,
BAKERY,,,,,,,,-,
BAKERY,,,,,,,,-,
BAKERY,,,,,,,,-,
BAKERY,,,,,,,,-,
BAKERY,,,,,0.716,,,59.79,
BAKERY,,,,,Scale,,,,
BAKERY,,,,,Yield,,1.00,,
BAKERY,,,,,Cost excl per Each/Kg,,,,59.79
BAKERY,,,,,,,,,
HMR,26981,GRILLED BACON,Vat,,,,,,166.58
HMR,,Prod Code,Description,Pack,Weight,Cost,Recipe,Cost,
HMR,,30462,D.C BACK BACON,1KG,1.000,99.95,1.000,99.95,
HMR,,,,,,,,-,
HMR,,,,,,,,-,
HMR,,,,,,,,-,
HMR,,,,,,,,-,
HMR,,,,,,,,-,
HMR,,,,,,,,-,
HMR,,,,,,,,-,
HMR,,,,,,,,-,
HMR,,,,,,,,-,
HMR,,,,,,,,-,
HMR,,,,,,,,-,
HMR,,,,,,,,-,
HMR,,,,,,,,-,
HMR,,,,,,,,-,
HMR,,,,,,,,-,
HMR,,,,,,,,-,
HMR,,,,,,,,-,
HMR,,,,,1,,,99.95,
HMR,,,,,Scale,,,,
HMR,,,,,Yield,,0.60,,
HMR,,,,,Cost excl per Each/Kg,,,,166.58
HMR,,,,,,,,,
HMR,27770,RUSSIAN LONG,Vat,,,,,,10.58
HMR,,Prod Code,Description,Pack,Weight,Cost,Recipe,Cost,
HMR,,31903,SMOKED RUSSIANS VP,P/KG,0.294,35.99,0.294,10.58,
HMR,,,,,,,,-,
HMR,,,,,,,,-,
HMR,,,,,,,,-,
HMR,,,,,,,,-,
HMR,,,,,,,,-,
HMR,,,,,,,,-,
HMR,,,,,,,,-,
HMR,,,,,,,,-,
HMR,,,,,,,,-,
HMR,,,,,,,,-,
HMR,,,,,,,,-,
HMR,,,,,,,,-,
HMR,,,,,,,,-,
HMR,,,,,,,,-,
HMR,,,,,,,,-,
HMR,,,,,,,,-,
HMR,,,,,,,,-,
HMR,,,,,0.294,,,10.58,
HMR,,,,,Scale,,,,
HMR,,,,,Yield,,1.00,,
HMR,,,,,Cost excl per Each/Kg,,,,10.58
HMR,,,,,,,,,
HMR,26982,SUNNY SIDE UP EGGS,Vat,,,,,,1.97
HMR,,Prod Code,Description,Pack,Weight,Cost,Recipe,Cost,
HMR,,26371,GOLDEN YOLK LOOSE H/FOODS EGGS,30'S,1.500,59.00,1.000,59.00,
HMR,,,,,,,,-,
HMR,,,,,,,,-,
HMR,,,,,,,,-,
HMR,,,,,,,,-,
HMR,,,,,,,,-,
HMR,,,,,,,,-,
HMR,,,,,,,,-,
HMR,,,,,,,,-,
HMR,,,,,,,,-,
HMR,,,,,,,,-,
HMR,,,,,,,,-,
HMR,,,,,,,,-,
HMR,,,,,,,,-,
HMR,,,,,,,,-,
HMR,,,,,,,,-,
HMR,,,,,,,,-,
HMR,,,,,,,,-,
HMR,,,,,1.5,,,59.00,
HMR,,,,,Scale,,,,
HMR,,,,,Yield,,30.00,,
HMR,,,,,Cost excl per Each/Kg,,,,1.97
HMR,,,,,,,,,
HMR,30024,SPAR TFS GRILLER FRZ BBQ 1'S,Vat,,,,,,58.83
HMR,,Prod Code,Description,Pack,Weight,Cost,Recipe,Cost,
HMR,,28460,ROASTED W/ CHICKEN,EA,1.000,58.83,1.000,58.83,
HMR,,,,,,,,-,
HMR,,,,,,,,-,
HMR,,,,,,,,-,
HMR,,,,,,,,-,
HMR,,,,,,,,-,
HMR,,,,,,,,-,
HMR,,,,,,,,-,
HMR,,,,,,,,-,
HMR,,,,,,,,-,
HMR,,,,,,,,-,
HMR,,,,,,,,-,
HMR,,,,,,,,-,
HMR,,,,,,,,-,
HMR,,,,,,,,-,
HMR,,,,,,,,-,
HMR,,,,,,,,-,
HMR,,,,,,,,-,
HMR,,,,,1,,,58.83,
HMR,,,,,Scale,,,,
HMR,,,,,Yield,,1.00,,
HMR,,,,,Cost excl per Each/Kg,,,,58.83
HMR,,,,,,,,,
HMR,28750,BBQ  CHICKEN,Vat,,,,,,67.05
HMR,,Prod Code,Description,Pack,Weight,Cost,Recipe,Cost,
HMR,,28361,FRESH 5PCE BRAAIPACK,P/KG,2.000,45.50,2.000,91.00,
HMR,,32308,PRS BBQ FIESTA,P/KG,0.030,95.50,0.030,2.87,
HMR,,,,,,,,-,
HMR,,,,,,,,-,
HMR,,,,,,,,-,
HMR,,,,,,,,-,
HMR,,,,,,,,-,
HMR,,,,,,,,-,
HMR,,,,,,,,-,
HMR,,,,,,,,-,
HMR,,,,,,,,-,
HMR,,,,,,,,-,
HMR,,,,,,,,-,
HMR,,,,,,,,-,
HMR,,,,,,,,-,
HMR,,,,,,,,-,
HMR,,,,,,,,-,
HMR,,,,,,,,-,
HMR,,,,,2.03,,,93.87,
HMR,,,,,Scale,,,,
HMR,,,,,Yield,,1.40,,
HMR,,,,,Cost excl per Each/Kg,,,,67.05
HMR,,,,,,,,,
BAKERY,29457,JELLY,Vat,,,,,,22.67
BAKERY,,Prod Code,Description,Pack,Weight,Cost,Recipe,Cost,
BAKERY,,29030,SPAR WATER,P/KG,5.000,3.20,5.000,16.00,
BAKERY,,27510,CARTE DOR STRAWBERRY JELLY,500GR,1.000,60.00,2.000,120.00,
BAKERY,,,,,,,,-,
BAKERY,,,,,,,,-,
BAKERY,,,,,,,,-,
BAKERY,,,,,,,,-,
BAKERY,,,,,,,,-,
BAKERY,,,,,,,,-,
BAKERY,,,,,,,,-,
BAKERY,,,,,,,,-,
BAKERY,,,,,,,,-,
BAKERY,,,,,,,,-,
BAKERY,,,,,,,,-,
BAKERY,,,,,,,,-,
BAKERY,,,,,,,,-,
BAKERY,,,,,,,,-,
BAKERY,,,,,,,,-,
BAKERY,,,,,,,,-,
BAKERY,,,,,6,,,136.00,
BAKERY,,,,,Scale,,,,
BAKERY,,,,,Yield,,6.00,,
BAKERY,,,,,Cost excl per Each/Kg,,,,22.67
BAKERY,,,,,,,,,
BAKERY,26958,JELLY & CUSTARD CUP,Vat,,,,,,
BAKERY,,Prod Code,Description,Pack,Weight,Cost,Recipe,Cost,
BAKERY,,26371,GOLDEN YOLK LOOSE H/FOODS EGGS,30'S,1.500,59.00,1.000,59.00,
BAKERY,,26529,MAYONAISE TANGY,P/KG,,49.60,,-,
BAKERY,,,,,,,,-,
BAKERY,,,,,,,,-,
BAKERY,,,,,,,,-,
BAKERY,,,,,,,,-,
BAKERY,,,,,,,,-,
BAKERY,,,,,,,,-,
BAKERY,,,,,,,,-,
BAKERY,,,,,,,,-,
BAKERY,,,,,,,,-,
BAKERY,,,,,,,,-,
BAKERY,,,,,,,,-,
BAKERY,,,,,,,,-,
BAKERY,,,,,,,,-,
BAKERY,,,,,,,,-,
BAKERY,,,,,,,,-,
BAKERY,,,,,,,,-,
BAKERY,,,,,1.5,,,59.00,
BAKERY,,,,,Scale,,,,
BAKERY,,,,,Yield,,,,
BAKERY,,,,,Cost excl per Each/Kg,,,,
BAKERY,,,,,,,,,
BAKERY,34121,CUSTARD INSTANT,Vat,,,,,,20.05
BAKERY,,Prod Code,Description,Pack,Weight,Cost,Recipe,Cost,
BAKERY,,29030,SPAR WATER,P/KG,1.000,3.20,1.000,3.20,
BAKERY,,28303,INSTANT KRAMESS,KG,0.300,76.20,0.300,22.86,
BAKERY,,,,,,,,-,
BAKERY,,,,,,,,-,
BAKERY,,,,,,,,-,
BAKERY,,,,,,,,-,
BAKERY,,,,,,,,-,
BAKERY,,,,,,,,-,
BAKERY,,,,,,,,-,
BAKERY,,,,,,,,-,
BAKERY,,,,,,,,-,
BAKERY,,,,,,,,-,
BAKERY,,,,,,,,-,
BAKERY,,,,,,,,-,
BAKERY,,,,,,,,-,
BAKERY,,,,,,,,-,
BAKERY,,,,,,,,-,
BAKERY,,,,,,,,-,
BAKERY,,,,,1.3,,,26.06,
BAKERY,,,,,Scale,,,,
BAKERY,,,,,Yield,,1.30,,
BAKERY,,,,,Cost excl per Each/Kg,,,,20.05
BAKERY,,,,,,,,,
HMR,29037,EGG SALAD,Vat,,,,,,41.20
HMR,,Prod Code,Description,Pack,Weight,Cost,Recipe,Cost,
HMR,,26371,GOLDEN YOLK LOOSE H/FOODS EGGS,30'S,4.500,59.00,3.000,177.00,
HMR,,26529,MAYONAISE TANGY,P/KG,1.000,49.60,1.000,49.60,
HMR,,,,,,,,-,
HMR,,,,,,,,-,
HMR,,,,,,,,-,
HMR,,,,,,,,-,
HMR,,,,,,,,-,
HMR,,,,,,,,-,
HMR,,,,,,,,-,
HMR,,,,,,,,-,
HMR,,,,,,,,-,
HMR,,,,,,,,-,
HMR,,,,,,,,-,
HMR,,,,,,,,-,
HMR,,,,,,,,-,
HMR,,,,,,,,-,
HMR,,,,,,,,-,
HMR,,,,,,,,-,
HMR,,,,,5.5,,,226.60,
HMR,,,,,Scale,,1.000,,
HMR,,,,,Yield,5.50,5.50,,
HMR,,,,,Cost excl per Each/Kg,,,,41.20
HMR,,,,,,,,,
HMR,28567,SLUSH PUPPIE ASSORTED,Vat,,,,,,7.26
HMR,,Prod Code,Description,Pack,Weight,Cost,Recipe,Cost,
HMR,,33807,SPAR WATER,P/KG,15.000,3.20,15.000,48.00,
HMR,,28268,SLO JO MANGO FRUIT TEAZER,KG,1.000,117.47,1.000,117.47,
HMR,,27515,BEAN TREE COLD BEV CUP LID,350ML,,3.13,40.000,125.02,
HMR,,,,,,,,-,
HMR,,,,,,,,-,
HMR,,,,,,,,-,
HMR,,,,,,,,-,
HMR,,,,,,,,-,
HMR,,,,,,,,-,
HMR,,,,,,,,-,
HMR,,,,,,,,-,
HMR,,,,,,,,-,
HMR,,,,,,,,-,
HMR,,,,,,,,-,
HMR,,,,,,,,-,
HMR,,,,,,,,-,
HMR,,,,,,,,-,
HMR,,,,,,,,-,
HMR,,,,,16,,,290.49,
HMR,,,,,Scale,,0.400,,
HMR,,,,,Yield,40.00,40.00,,
HMR,,,,,Cost excl per Each/Kg,,,,7.26
HMR,,,,,,,,,
BUTCHERY,34221,STETSON BEEF BOERIE BURGER,Vat,,,,,,61.60
BUTCHERY,,Prod Code,Description,Pack,Weight,Cost,Recipe,Cost,
BUTCHERY,,28863,VAC CROPS 90/10,P/KG,7.500,69.99,7.500,524.93,
BUTCHERY,,33696,SPAR WATER,P/KG,1.500,3.30,1.500,4.95,
BUTCHERY,,34180,BURGER STETSON BOERIE,1KG,1.000,86.15,1.000,86.15,
BUTCHERY,,,,,,,,-,
BUTCHERY,,,,,,,,-,
BUTCHERY,,,,,,,,-,
BUTCHERY,,,,,,,,-,
BUTCHERY,,,,,,,,-,
BUTCHERY,,,,,,,,-,
BUTCHERY,,,,,,,,-,
BUTCHERY,,,,,,,,-,
BUTCHERY,,,,,,,,-,
BUTCHERY,,,,,,,,-,
BUTCHERY,,,,,,,,-,
BUTCHERY,,,,,,,,-,
BUTCHERY,,,,,,,,-,
BUTCHERY,,,,,,,,-,
BUTCHERY,,,,,,,,-,
BUTCHERY,,,,,10,,,616.03,
BUTCHERY,,,,,Scale,,1.000,,
BUTCHERY,,,,,Yield,10.00,10.00,,
BUTCHERY,,,,,Cost excl per Each/Kg,,,,61.60
BUTCHERY,,,,,,,,,
BUTCHERY,34222,STETSON BEEF PEPPER BURGER.,Vat,,,,,,62.43
BUTCHERY,,Prod Code,Description,Pack,Weight,Cost,Recipe,Cost,
BUTCHERY,,28863,VAC CROPS 90/10,P/KG,7.500,69.99,7.500,524.93,
BUTCHERY,,33696,SPAR WATER,P/KG,1.500,3.30,1.500,4.95,
BUTCHERY,,34179,BURGER PEPPER STETSON,1KG,1.000,94.43,1.000,94.43,
BUTCHERY,,,,,,,,-,
BUTCHERY,,,,,,,,-,
BUTCHERY,,,,,,,,-,
BUTCHERY,,,,,,,,-,
BUTCHERY,,,,,,,,-,
BUTCHERY,,,,,,,,-,
BUTCHERY,,,,,,,,-,
BUTCHERY,,,,,,,,-,
BUTCHERY,,,,,,,,-,
BUTCHERY,,,,,,,,-,
BUTCHERY,,,,,,,,-,
BUTCHERY,,,,,,,,-,
BUTCHERY,,,,,,,,-,
BUTCHERY,,,,,,,,-,
BUTCHERY,,,,,,,,-,
BUTCHERY,,,,,10,,,624.30,
BUTCHERY,,,,,Scale,,1.000,,
BUTCHERY,,,,,Yield,10.00,10.00,,
BUTCHERY,,,,,Cost excl per Each/Kg,,,,62.43
BUTCHERY,,,,,,,,,
BUTCHERY,34223,STETSON TEXAS VALUE BURGER,Vat,,,,,,56.33
BUTCHERY,,Prod Code,Description,Pack,Weight,Cost,Recipe,Cost,
BUTCHERY,,28863,VAC CROPS 90/10,P/KG,20.000,69.99,20.000,"1,399.80",
BUTCHERY,,33696,SPAR WATER,P/KG,5.000,3.30,5.000,16.50,
BUTCHERY,,34184,VALUE BURGER TEXAS STETSON,2KG,2.000,52.35,2.000,104.70,
BUTCHERY,,,,,,,,-,
BUTCHERY,,,,,,,,-,
BUTCHERY,,,,,,,,-,
BUTCHERY,,,,,,,,-,
BUTCHERY,,,,,,,,-,
BUTCHERY,,,,,,,,-,
BUTCHERY,,,,,,,,-,
BUTCHERY,,,,,,,,-,
BUTCHERY,,,,,,,,-,
BUTCHERY,,,,,,,,-,
BUTCHERY,,,,,,,,-,
BUTCHERY,,,,,,,,-,
BUTCHERY,,,,,,,,-,
BUTCHERY,,,,,,,,-,
BUTCHERY,,,,,,,,-,
BUTCHERY,,,,,27,,,"1,521.00",
BUTCHERY,,,,,Scale,,1.000,,
BUTCHERY,,,,,Yield,27.00,27.00,,
BUTCHERY,,,,,Cost excl per Each/Kg,,,,56.33
BUTCHERY,,,,,,,,,
BUTCHERY,27125,SIPHO'S BUDGET BURGERS,Vat,,,,,,15.94
BUTCHERY,,Prod Code,Description,Pack,Weight,Cost,Recipe,Cost,
BUTCHERY,,28743,FROZEN MDM,P/KG,40.000,15.50,40.000,620.00,
BUTCHERY,,29245,SOYA MINCE NATURAL,20KG,7.000,19.95,7.000,139.65,
BUTCHERY,,28760,BEEF KIDNEY FAT,P/KG,20.000,13.99,20.000,279.80,
BUTCHERY,,33696,SPAR WATER,P/KG,15.000,3.30,15.000,49.50,
BUTCHERY,,28444,SPECIAL DHANIA SAUSAGE,P/KG,0.700,99.99,0.700,69.99,
BUTCHERY,,27142,BRAAI SUPREME,3KG,3.000,60.76,3.000,182.28,
BUTCHERY,,28688,GARLIC POWDER,1KG,0.125,123.50,0.125,15.44,
BUTCHERY,,31548,BBQ SIX GUN GRILL,8KG,0.200,74.89,0.200,14.98,
BUTCHERY,,,,,,,,-,
BUTCHERY,,,,,,,,-,
BUTCHERY,,,,,,,,-,
BUTCHERY,,,,,,,,-,
BUTCHERY,,,,,,,,-,
BUTCHERY,,,,,,,,-,
BUTCHERY,,,,,,,,-,
BUTCHERY,,,,,,,,-,
BUTCHERY,,,,,,,,-,
BUTCHERY,,,,,,,,-,
BUTCHERY,,,,,86.025,,,"1,371.64",
BUTCHERY,,,,,Scale,,1.000,,
BUTCHERY,,,,,Yield,86.03,86.03,,
BUTCHERY,,,,,Cost excl per Each/Kg,,,,15.94
BUTCHERY,,,,,,,,,
BUTCHERY,29303,SIPHO'S BUDGET BURGERS 24S,Vat,,,,,,39.41
BUTCHERY,,Prod Code,Description,Pack,Weight,Cost,Recipe,Cost,
BUTCHERY,,27125,SIPHO'S BUDGET BURGERS,KG,2.400,16.42,2.400,39.41,
BUTCHERY,,,,,,,,-,
BUTCHERY,,,,,,,,-,
BUTCHERY,,,,,,,,-,
BUTCHERY,,,,,,,,-,
BUTCHERY,,,,,,,,-,
BUTCHERY,,,,,,,,-,
BUTCHERY,,,,,,,,-,
BUTCHERY,,,,,,,,-,
BUTCHERY,,,,,,,,-,
BUTCHERY,,,,,,,,-,
BUTCHERY,,,,,,,,-,
BUTCHERY,,,,,,,,-,
BUTCHERY,,,,,,,,-,
BUTCHERY,,,,,,,,-,
BUTCHERY,,,,,,,,-,
BUTCHERY,,,,,,,,-,
BUTCHERY,,,,,,,,-,
BUTCHERY,,,,,2.4,,,39.41,
BUTCHERY,,,,,Scale,,1.000,,
BUTCHERY,,,,,Yield,2.40,1.00,,
BUTCHERY,,,,,Cost excl per Each/Kg,,,,39.41
BUTCHERY,,,,,,,,,
HMR,26956,CHICKEN STEWS,Vat,,,,,,45.05
HMR,,Prod Code,Description,Pack,Weight,Cost,Recipe,Cost,
HMR,,28361,FRESH 5PCE BRAAIPACK,P/KG,3.000,45.50,3.000,136.50,
HMR,,22942,SAVEMOR VEGETABLES MIXED,1KG,1.000,32.49,1.000,32.49,
HMR,,33807,SPAR WATER,P/KG,1.500,3.20,1.500,4.80,
HMR,,30095,STEW CHICKEN SO GOOD,P/KG,0.150,127.49,0.150,19.12,
HMR,,26518,OIL PURE EXCELLA,20LT,0.100,32.98,0.100,3.30,
HMR,,27888,ONIONS010-HF,P/KG,0.100,8.20,0.100,0.82,
HMR,,,,,,,,-,
HMR,,,,,,,,-,
HMR,,,,,,,,-,
HMR,,,,,,,,-,
HMR,,,,,,,,-,
HMR,,,,,,,,-,
HMR,,,,,,,,-,
HMR,,,,,,,,-,
HMR,,,,,,,,-,
HMR,,,,,,,,-,
HMR,,,,,,,,-,
HMR,,,,,,,,-,
HMR,,,,,5.85,,,197.03,
HMR,,,,,Scale,,,,
HMR,,,,,Yield,,4.37,,
HMR,,,,,Cost excl per Each/Kg,,,,45.05
HMR,,,,,,,,,
HMR,30818,BEEF STEWS,Vat,,,,,,42.08
HMR,,Prod Code,Description,Pack,Weight,Cost,Recipe,Cost,
HMR,,27095,SPAR BEEF STEW BONE IN,KG,4.000,61.59,4.000,246.36,
HMR,,27888,ONIONS010-HF,P/KG,0.100,8.20,0.100,0.82,
HMR,,27887,CARROTS,P/KG,1.000,7.50,1.000,7.50,
HMR,,33807,SPAR WATER,P/KG,4.000,3.20,4.000,12.80,
HMR,,30094,STEW BEEF SO GOOD,P/KG,0.150,134.34,0.150,20.15,
HMR,,26518,OIL PURE EXCELLA,20LT,0.100,32.98,0.100,3.30,
HMR,,30249,POTATOES  BAG,P/KG,1.500,16.43,1.500,24.64,
HMR,,,,,,,,-,
HMR,,,,,,,,-,
HMR,,,,,,,,-,
HMR,,,,,,,,-,
HMR,,,,,,,,-,
HMR,,,,,,,,-,
HMR,,,,,,,,-,
HMR,,,,,,,,-,
HMR,,,,,,,,-,
HMR,,,,,,,,-,
HMR,,,,,,,,-,
HMR,,,,,10.85,,,315.57,
HMR,,,,,Scale,,,,
HMR,,,,,Yield,,7.50,,
HMR,,,,,Cost excl per Each/Kg,,,,42.08
HMR,,,,,,,,,
BUTCHERY,28092,BEEF STEAK BURGER,Vat,,,,,,64.89
BUTCHERY,,Prod Code,Description,Pack,Weight,Cost,Recipe,Cost,
BUTCHERY,,28863,VAC CROPS 90/10,P/KG,7.500,69.99,7.500,524.93,
BUTCHERY,,33696,SPAR WATER,P/KG,1.500,3.30,1.500,4.95,
BUTCHERY,,27234,PRS STEAK BURGER,1KG,1.000,119.00,1.000,119.00,
BUTCHERY,,,,,,,,-,
BUTCHERY,,,,,,,,-,
BUTCHERY,,,,,,,,-,
BUTCHERY,,,,,,,,-,
BUTCHERY,,,,,,,,-,
BUTCHERY,,,,,,,,-,
BUTCHERY,,,,,,,,-,
BUTCHERY,,,,,,,,-,
BUTCHERY,,,,,,,,-,
BUTCHERY,,,,,,,,-,
BUTCHERY,,,,,,,,-,
BUTCHERY,,,,,,,,-,
BUTCHERY,,,,,,,,-,
BUTCHERY,,,,,,,,-,
BUTCHERY,,,,,,,,-,
BUTCHERY,,,,,10,,,648.88,
BUTCHERY,,,,,Scale,,1.000,,
BUTCHERY,,,,,Yield,10.00,10.00,,
BUTCHERY,,,,,Cost excl per Each/Kg,,,,64.89
BUTCHERY,,,,,,,,,
BAKERY,26801,RING DOUGHUT,Vat,,,,,,1.91
BAKERY,,Prod Code,Description,Pack,Weight,Cost,Recipe,Cost,
BAKERY,,15732,WC MILLING CAKE FLOUR,12.5K,12.500,11.40,12.500,142.46,
BAKERY,,28779,YEAST WET,P/KG,0.800,34.25,0.800,27.40,
BAKERY,,29030,SPAR WATER,P/KG,6.000,3.20,6.000,19.20,
BAKERY,,26370,GOLDEN YOLK LOOSE BAKERY EGGS,30'S,1.500,59.00,1.000,59.00,
BAKERY,,30200,SOFTROLL MIX 20%,P-KG,2.500,39.76,2.500,99.40,
BAKERY,,28296,CHOC DIPPING ICING,P/KG,3.080,78.91,3.080,243.04,
BAKERY,,,,,,,,-,
BAKERY,,,,,,,,-,
BAKERY,,,,,,,,-,
BAKERY,,,,,,,,-,
BAKERY,,,,,,,,-,
BAKERY,,,,,,,,-,
BAKERY,,,,,,,,-,
BAKERY,,,,,,,,-,
BAKERY,,,,,,,,-,
BAKERY,,,,,,,,-,
BAKERY,,,,,,,,-,
BAKERY,,,,,,,,-,
BAKERY,,,,,26.38,,,590.50,
BAKERY,,,,,Scale,,0.080,,
BAKERY,,,,,Yield,329.75,308.50,,
BAKERY,,,,,Cost excl per Each/Kg,,,,1.91
BAKERY,,,,,,,,,
BAKERY,28093,ICED CARROT LOAF,Vat,,,,,,17.31
BAKERY,,Prod Code,Description,Pack,Weight,Cost,Recipe,Cost,
BAKERY,,28326,CARROT CAKE MIX,P/KG,9.000,34.02,9.000,306.18,
BAKERY,,15732,WC MILLING CAKE FLOUR,12.5K,9.000,11.40,9.000,102.57,
BAKERY,,28222,MILK FULL CREAM,20L,1.400,13.80,1.400,19.32,
BAKERY,,29322,OIL VEGETABLE CHIPKINS,20LT,6.400,43.50,6.400,278.40,
BAKERY,,27492,SUGAR WHITE HULETS,P/KG,6.000,23.44,6.000,140.64,
BAKERY,,26370,GOLDEN YOLK LOOSE BAKERY EGGS,30'S,7.200,59.00,5.000,295.00,
BAKERY,,28313,HERCULES BAKING POWDER,P/KG,0.540,53.05,0.540,28.65,
BAKERY,,28320,SOD BICARBONATE,P/KG,0.080,26.47,0.080,2.12,
BAKERY,,28888,CINNAMON GROUND,P/KG,0.140,96.60,0.140,13.52,
BAKERY,,28227,CARROTS,P/KG,10.500,20.00,10.500,210.00,
BAKERY,,27756,MADEIRA LINERS WHITE/BLCK,EA,,0.34,100.000,33.84,
BAKERY,,27734,4191P SMALL MADEIRA,EA,,1.31,-,-,
BAKERY,,27687,L336 LOG DOME,EA,,2.37,100.000,237.20,
BAKERY,,29073,MAIN 75 BLACK,EA,,0.63,100.000,63.43,
BAKERY,,,,,,,,-,
BAKERY,,,,,,,,-,
BAKERY,,,,,,,,-,
BAKERY,,,,,,,,-,
BAKERY,,,,,50.26,,,"1,730.87",
BAKERY,,,,,Scale,,0.500,,
BAKERY,,,,,Yield,100.52,100.00,,
BAKERY,,,,,Cost excl per Each/Kg,,,,17.31
BAKERY,,,,,,,,,
BAKERY,27871,JAM SWISSROLLS,Vat,,,,,,13.55
BAKERY,,Prod Code,Description,Pack,Weight,Cost,Recipe,Cost,
BAKERY,,15732,WC MILLING CAKE FLOUR,12.5K,3.000,11.40,3.000,34.19,
BAKERY,,27492,SUGAR WHITE HULETS,P/KG,3.000,23.44,3.000,70.32,
BAKERY,,26370,GOLDEN YOLK LOOSE BAKERY EGGS,30'S,3.000,59.00,2.000,118.00,
BAKERY,,28313,HERCULES BAKING POWDER,P/KG,0.150,53.05,0.150,7.96,
BAKERY,,29030,SPAR WATER,P/KG,0.500,3.20,0.500,1.60,
BAKERY,,30245,B196T SWISS ROLL T279,EA,,1.95,20.000,38.99,
BAKERY,,,,,,,,-,
BAKERY,,,,,,,,-,
BAKERY,,,,,,,,-,
BAKERY,,,,,,,,-,
BAKERY,,,,,,,,-,
BAKERY,,,,,,,,-,
BAKERY,,,,,,,,-,
BAKERY,,,,,,,,-,
BAKERY,,,,,,,,-,
BAKERY,,,,,,,,-,
BAKERY,,,,,,,,-,
BAKERY,,,,,,,,-,
BAKERY,,,,,9.65,,,271.06,
BAKERY,,,,,Scale,,2.400,,
BAKERY,,,,,Yield,4.02,20.00,,
BAKERY,,,,,Cost excl per Each/Kg,,,,13.55
BAKERY,,,,,,,,,
HMR,,,,,,,,,
HMR,28609,TUNA MAYO SAMI.,Vat,,,,,,11.41
HMR,,Prod Code,Description,Pack,Weight,Cost,Recipe,Cost,
HMR,,27889,TOMATOES LOOSE,P/KG,0.160,16.51,0.160,2.64,
HMR,,28072,LETTUCE ICEBURG PUNNET,EA,1.000,20.00,1.000,20.00,
HMR,,27886,CUCUMBER LOOSE,EA,1.000,15.20,1.000,15.20,
HMR,,15868,B/RIBBON BREAD BROWN W/W,800GR,2.000,16.69,2.000,33.38,
HMR,,28429,TUNA SHREDDED,1.7KG,0.600,122.03,0.600,73.22,
HMR,,26529,MAYONAISE TANGY,P/KG,0.300,49.60,0.300,14.88,
HMR,,27799,T280 MEDIUM SANDWICH,EA,,1.46,16.000,23.32,
HMR,,,,,,,,-,
HMR,,,,,,,,-,
HMR,,,,,,,,-,
HMR,,,,,,,,-,
HMR,,,,,,,,-,
HMR,,,,,,,,-,
HMR,,,,,,,,-,
HMR,,,,,,,,-,
HMR,,,,,,,,-,
HMR,,,,,,,,-,
HMR,,,,,,,,-,
HMR,,,,,5.06,,,182.63,
HMR,,,,,Scale,,,,
HMR,,,,,Yield,,16.00,,
HMR,,,,,Cost excl per Each/Kg,,,,11.41
HMR,,,,,,,,,
